{"type":"Topology","arcs":[[[45956,174],[5,93],[40,34],[11,-152],[-32,-21],[-24,46]],[[68768,15590],[9,44],[36,31],[8,-76],[-53,1]],[[67622,16749],[13,74],[29,-14],[6,-60],[-21,-58],[-32,-21],[5,79]],[[68016,17135],[7,-132],[-22,-58],[-31,22],[-11,76],[57,92]],[[67857,17381],[51,-26],[52,-96],[65,94],[6,77],[27,33],[76,10],[8,-46],[-16,-82],[-57,-80],[-48,-5],[-41,-27],[3,-51],[-89,-52],[-16,153],[-21,98]],[[68246,17328],[-13,75],[20,81],[19,-17],[-26,-139]],[[68357,17663],[53,-8],[31,60],[42,-4],[42,-101],[12,-67],[-23,-56],[-36,-25],[5,-38],[-93,-27],[-9,-38],[-41,-49],[-23,32],[10,103],[-10,114],[40,104]],[[67995,17556],[18,-27],[4,-141],[-53,45],[10,109],[21,14]],[[67442,22429],[32,144],[27,3],[45,100],[-21,-174],[-48,-107],[-35,34]],[[68441,12587],[10,-87],[-29,-37],[-23,20],[24,112],[18,-8]],[[69359,13059],[30,53],[24,-49],[-44,-71],[-10,67]],[[68458,13465],[-40,-28],[2,78],[36,1],[2,-51]],[[68735,14268],[26,-4],[18,-60],[31,-6],[81,83],[31,-16],[19,-82],[-21,-15],[4,-89],[-54,-31],[-42,9],[-17,38],[-53,-15],[-32,11],[-45,-15],[-30,44],[-20,110],[-20,29],[-1,79],[27,-5],[28,-74],[32,-21],[38,30]],[[68447,13080],[23,-8],[-27,-149],[-20,-153],[-28,-91],[-6,-62],[-25,-76],[-69,18],[21,94],[40,51],[58,232],[23,22],[10,122]],[[68513,12849],[-24,45],[-5,110],[19,120],[16,-12],[-20,-91],[-2,-66],[22,-76],[-6,-30]],[[68374,13188],[3,111],[31,-13],[-34,-98]],[[50676,33645],[-9,131],[37,-19],[15,-80],[-43,-32]],[[50674,33871],[-22,200],[34,14],[1,-93],[14,-129],[-27,8]],[[49414,34039],[-44,41],[39,32],[5,-73]],[[62543,34447],[-2,-133],[-71,-14],[-30,55],[7,83],[34,50],[62,-41]],[[62652,34282],[32,-30],[-20,-84],[-34,63],[22,51]],[[49277,34282],[64,90],[36,10],[37,-34],[-52,-66],[-43,-26],[-42,26]],[[50596,34439],[-18,107],[40,-18],[27,-77],[-9,-59],[23,-96],[-25,-32],[-38,175]],[[62122,34764],[-43,-9],[-11,-64],[-43,31],[45,81],[52,-39]],[[62362,34577],[2,64],[76,123],[33,85],[59,-36],[2,-103],[-32,-85],[61,-85],[-39,-39],[-39,43],[-71,2],[-52,31]],[[48190,34707],[35,20],[11,-93],[-31,-63],[-15,136]],[[62362,34935],[72,-76],[-4,-89],[-64,-109],[-38,-26],[-40,14],[-11,53],[-52,103],[1,46],[40,70],[54,-36],[42,50]],[[62509,35424],[28,-68],[-32,-148],[-64,19],[-49,115],[-57,-25],[3,59],[33,89],[67,49],[29,-66],[42,-24]],[[62117,35885],[20,-59],[-40,-82],[-17,109],[37,32]],[[48231,34787],[-24,42],[35,51],[16,80],[35,-34],[16,-75],[-24,-82],[-54,18]],[[49808,36436],[84,-44],[-21,-33],[-63,77]],[[49653,36568],[88,-19],[62,-50],[-7,-45],[-143,114]],[[57845,36638],[2,62],[91,-40],[-19,-104],[-49,-65],[-63,3],[-5,101],[43,43]],[[61689,37107],[41,-9],[-34,-83],[-25,20],[18,72]],[[61420,37036],[32,-25],[-7,-78],[-42,17],[17,86]],[[49259,37205],[-57,-39],[-27,24],[7,62],[54,-9],[23,-38]],[[49089,37361],[78,-104],[-39,-14],[-39,118]],[[49281,37865],[-1,54],[73,27],[-4,-59],[-68,-22]],[[56671,37956],[19,95],[32,32],[43,-33],[-22,-65],[-72,-29]],[[56675,38177],[-52,-61],[-26,-57],[-28,-121],[-36,49],[-26,-54],[-28,62],[38,102],[14,111],[-59,119],[68,64],[56,-14],[17,-38],[12,-104],[50,-58]],[[47824,39435],[-4,73],[29,41],[57,122],[49,-42],[-11,-54],[-38,-21],[-29,-90],[-53,-29]],[[47956,39722],[9,129],[67,111],[70,-7],[29,-59],[-32,-77],[-79,-98],[-64,1]],[[60145,41531],[-7,50],[47,115],[33,-42],[-22,-63],[-51,-60]],[[60348,41072],[-41,-43],[28,-98],[-65,2],[-71,76],[-63,18],[-97,103],[-32,94],[11,55],[44,45],[49,-44],[57,41],[62,-58],[23,-71],[66,-58],[29,-62]],[[57253,41126],[46,168],[6,61],[43,169],[76,28],[86,-31],[27,9],[27,-94],[52,-86],[45,-31],[11,-76],[-21,-89],[-49,-87],[-34,-91],[0,-66],[-82,-16],[-96,-122],[-112,-94],[-72,34],[-16,103],[42,248],[21,63]],[[8414,27755],[37,29],[24,-65],[-9,-99],[-60,-30],[-20,72],[28,93]],[[8332,27784],[36,-67],[13,-85],[-32,-25],[-51,123],[34,54]],[[8033,28142],[20,-18],[-22,-70],[-33,12],[35,76]],[[65964,28172],[-46,-8],[-7,44],[17,104],[51,34],[-1,-63],[22,-85],[-36,-26]],[[7911,28142],[-5,133],[23,39],[7,96],[17,28],[44,-40],[81,-9],[-18,-117],[-127,-187],[-22,57]],[[64856,29256],[32,1],[7,-154],[-28,-33],[-19,83],[8,103]],[[63470,29756],[67,62],[17,-30],[-24,-61],[-51,-45],[-47,-186],[-81,-81],[-28,-60],[-119,-57],[-26,57],[36,19],[77,148],[45,26],[29,67],[42,21],[16,69],[47,51]],[[8398,28613],[-19,26],[34,62],[52,44],[26,74],[20,-42],[-25,-129],[-88,-35]],[[8194,28682],[5,57],[82,134],[46,-150],[-30,-114],[-49,-6],[-54,79]],[[48363,28914],[36,26],[91,30],[29,32],[38,-7],[68,42],[204,90],[-58,-91],[-149,-56],[-17,-47],[-78,-32],[-66,-11],[-91,-45],[-76,-83],[26,103],[43,49]],[[8332,28951],[67,99],[41,78],[74,197],[32,-99],[4,-61],[-97,-274],[-116,-142],[-52,126],[47,76]],[[8055,27916],[48,51],[14,-44],[-7,-63],[-40,-16],[-15,72]],[[8021,27997],[4,44],[32,57],[37,-98],[-23,-32],[-50,29]],[[63799,30073],[37,54],[8,-85],[-80,-68],[35,99]],[[50014,30286],[45,58],[75,136],[10,-32],[-48,-51],[-22,-73],[-60,-38]],[[63558,31114],[30,0],[15,-117],[-54,8],[-13,66],[22,43]],[[48813,32003],[23,95],[36,-1],[-37,-118],[-22,24]],[[62639,32084],[49,-2],[-4,-62],[-76,16],[31,48]],[[50636,32069],[53,108],[14,-65],[-67,-43]],[[62778,32284],[77,-34],[-34,-42],[-36,31],[-7,45]],[[62501,32348],[36,6],[33,-38],[91,28],[66,-77],[-27,-50],[22,-40],[-38,-40],[-86,47],[-49,8],[-71,56],[23,100]],[[48370,32045],[65,303],[44,9],[-54,-269],[-55,-43]],[[62543,32447],[49,-3],[4,-69],[-51,27],[-2,45]],[[62723,32390],[40,4],[25,-61],[-70,12],[5,45]],[[50725,32391],[-37,60],[44,23],[-7,-83]],[[62362,32469],[17,21],[62,-13],[48,-85],[-111,18],[-16,59]],[[48133,33355],[48,-3],[27,-79],[-24,-84],[-25,-20],[-4,-76],[-25,-6],[-20,60],[-8,138],[31,70]],[[62915,33317],[31,-62],[-55,-5],[24,67]],[[48162,33383],[-21,73],[57,37],[37,52],[22,-82],[4,-93],[21,-124],[-20,-57],[-39,82],[-9,139],[-52,-27]],[[62639,32754],[79,-24],[-10,-43],[-107,39],[38,28]],[[62639,32452],[-69,45],[56,33],[-49,71],[-5,70],[26,7],[114,-57],[34,-49],[46,23],[17,-79],[51,-11],[12,-75],[-68,-12],[-106,34],[-59,0]],[[50725,32713],[-17,24],[7,96],[26,-22],[-16,-98]],[[62569,32876],[51,-68],[-56,-11],[5,79]],[[62863,32776],[0,48],[30,71],[27,19],[16,61],[38,-28],[38,-116],[-43,-48],[-62,9],[-44,-16]],[[48664,32940],[43,17],[40,-81],[-56,9],[-31,-48],[-15,81],[19,22]],[[48439,33174],[25,-25],[18,-189],[-15,-88],[-34,48],[-20,103],[9,141],[17,10]],[[62771,33510],[0,-37],[-38,-63],[29,-49],[-20,-68],[-61,33],[-29,-51],[16,-78],[41,3],[47,-34],[8,-79],[-15,-32],[17,-119],[-23,-47],[-16,-110],[-34,20],[-10,61],[-75,84],[-4,36],[-75,1],[37,64],[-21,44],[4,88],[19,71],[-16,100],[24,72],[20,2],[30,89],[49,61],[28,-70],[68,8]],[[62821,31768],[55,-20],[-16,-42],[-39,62]],[[63169,31498],[11,-54],[-52,-85],[-43,17],[84,122]],[[42155,31576],[33,-15],[4,-48],[-91,-35],[-17,33],[16,53],[55,12]],[[62865,31618],[37,102],[78,132],[35,-62],[5,-74],[38,-8],[30,-40],[-21,-50],[-7,-127],[-46,-14],[-119,67],[-30,74]],[[63002,31231],[-5,81],[66,2],[22,-53],[45,-33],[-7,-50],[-121,53]],[[63285,31231],[-67,-78],[-80,2],[16,75],[-5,83],[31,33],[97,-57],[8,-58]],[[48817,31231],[30,234],[17,97],[30,52],[23,-34],[-54,-186],[-40,-259],[-43,-148],[-17,4],[41,145],[13,95]],[[51005,31814],[58,-25],[-51,-74],[-35,1],[-47,50],[33,51],[42,-3]],[[50615,31685],[12,104],[35,16],[4,-79],[-51,-41]],[[49002,32004],[-19,39],[26,74],[-14,40],[54,211],[44,46],[36,-8],[11,-47],[-4,-138],[7,-104],[-9,-197],[-33,-87],[-59,-9],[-23,-68],[-63,-66],[-37,14],[31,177],[52,123]],[[48201,31231],[-30,-31],[-85,16],[-18,70],[73,135],[43,50],[58,190],[77,177],[50,62],[58,97],[36,133],[41,307],[27,-12],[-73,-493],[-16,-50],[-46,-52],[-13,-66],[24,-56],[27,92],[29,55],[66,30],[27,66],[50,321],[45,499],[7,-99],[60,-10],[26,-62],[25,21],[5,-128],[62,-110],[90,10],[0,-152],[-15,-64],[24,-47],[-12,-62],[-25,-11],[-93,-390],[-9,3],[65,262],[30,183],[-19,143],[-49,-45],[-30,-208],[-22,-52],[-32,14],[-48,-133],[-56,-269],[-63,-210],[-70,-174],[-65,-41],[-53,94],[-17,67],[51,157],[82,220],[-9,47],[-58,-6],[-92,-217],[-31,-108],[-77,-164],[-46,-153],[-41,20],[25,96],[30,38]],[[48038,32004],[15,142],[136,8],[-16,99],[12,24],[109,-54],[37,23],[43,74],[22,79],[23,156],[32,26],[-36,-153],[-35,-186],[-38,-88],[-45,-71],[-161,-164],[-59,-37],[-33,-52],[-52,66],[14,73],[32,35]],[[63747,29898],[26,37],[38,-19],[-50,-83],[-14,65]],[[63582,30073],[9,-87],[-17,-83],[-27,-28],[2,126],[33,72]],[[63678,29982],[11,58],[33,47],[22,-28],[-12,-124],[-45,-51],[-21,42],[12,56]],[[40196,71000],[-182,36],[-13,59],[69,37],[126,7],[82,-30],[-20,-77],[-62,-32]],[[29113,74138],[79,-42],[74,-79],[101,-164],[-8,-144],[59,-10],[72,-134],[-79,-105],[-128,-125],[-138,-21],[-54,-32],[-268,-13],[-217,98],[-79,80],[-84,23],[8,70],[88,80],[43,137],[53,109],[-29,26],[136,135],[50,87],[60,36],[146,25],[115,-37]],[[31330,74390],[-50,-40],[-124,-9],[1,65],[86,17],[87,-33]],[[34885,74403],[99,19],[113,63],[82,5],[-31,116],[71,39],[184,-115],[69,12],[66,-76],[-76,-146],[-64,-42],[-27,-65],[-94,13],[-5,58],[-134,74],[-77,2],[-2,-95],[32,-32],[-54,-82],[-107,-30],[38,-60],[-185,-10],[-114,158],[9,105],[207,89]],[[31624,74402],[-82,48],[147,45],[131,0],[13,41],[220,48],[105,-5],[53,-75],[-111,-52],[-37,57],[-136,-42],[-90,13],[-104,-56],[-109,-22]],[[33616,72660],[69,24],[78,-43],[-94,-29],[-53,48]],[[35763,74364],[18,50],[119,36],[83,-16],[10,73],[77,-20],[107,57],[109,31],[38,37],[168,-51],[120,5],[187,-72],[51,-47],[133,-178],[51,-23],[96,-130],[194,-131],[21,-110],[94,-71],[-2,-91],[-60,-67],[46,-48],[38,-95],[-32,-217],[74,-148],[22,-199],[-19,-202],[-57,-252],[-188,-72],[-177,14],[-197,-29],[-80,32],[-155,-48],[-176,35],[-100,109],[-65,-49],[-118,24],[25,90],[-9,66],[-116,57],[-51,61],[-152,-11],[-29,44],[-83,-20],[-52,32],[-117,-3],[-14,56],[-100,30],[-132,149],[-144,-55],[-58,45],[17,175],[-113,15],[-90,-51],[27,195],[81,127],[30,81],[95,41],[-37,46],[117,85],[125,-29],[-14,84],[-55,72],[94,31],[56,107],[91,-25],[17,67],[-85,34],[-189,-45],[27,48],[155,69],[107,-77],[90,3],[-96,92],[17,121],[66,48],[69,8]],[[34695,74526],[33,58],[91,34],[10,-73],[-134,-19]],[[48330,75163],[61,14],[39,107],[73,64],[113,61],[81,122],[72,35],[11,92],[164,-14],[80,-53],[-27,-82],[-59,-60],[-93,-38],[-101,-74],[11,-105],[106,-83],[74,-25],[34,-67],[-356,61],[-68,-69],[-94,-52],[-50,18],[16,86],[-136,-3],[49,65]],[[14454,75214],[114,34],[139,-18],[41,-51],[-27,-84],[-102,26],[-165,93]],[[14260,75454],[154,69],[13,-61],[-167,-8]],[[14245,75712],[92,-16],[-82,-80],[-57,52],[47,44]],[[15813,74945],[-38,-83],[-64,-57],[-172,52],[40,63],[163,67],[22,278],[110,0],[21,-79],[-82,-241]],[[18030,75402],[68,83],[88,21],[109,143],[111,25],[162,-72],[-83,-228],[-146,-163],[-47,-176],[-118,-127],[4,-50],[-84,-124],[-70,-61],[-121,-198],[-66,-62],[-120,-51],[-17,-48],[-142,25],[-107,85],[-156,43],[-126,-1],[-126,49],[-23,40],[74,102],[165,135],[63,82],[66,18],[44,103],[57,36],[85,131],[169,119],[121,65],[143,-5],[23,61]],[[29392,75130],[227,25],[40,-66],[-172,-48],[-118,5],[-76,33],[5,60],[94,-9]],[[35050,74897],[8,-54],[-136,-3],[56,111],[121,77],[24,-67],[-73,-64]],[[36365,75258],[18,29],[142,11],[136,64],[53,-103],[14,-135],[96,-181],[-12,-76],[-112,-17],[-174,-4],[-124,109],[12,199],[-44,28],[-5,76]],[[22949,75095],[138,33],[45,-49],[-103,-19],[-80,35]],[[29786,75013],[111,167],[88,40],[328,101],[102,9],[212,66],[136,-104],[-52,-51],[-317,-120],[-21,-97],[-73,-111],[-100,16],[-100,-18],[-55,-65],[-125,16],[-97,-18],[-143,14],[-30,40],[103,68],[33,47]],[[29411,75339],[108,13],[163,68],[157,45],[238,96],[223,41],[134,6],[63,-47],[33,-91],[-57,-42],[-126,-18],[-172,-62],[-360,-98],[-39,-24],[-359,-60],[-171,29],[-3,71],[168,73]],[[15813,77064],[72,-17],[-63,-62],[-82,32],[73,47]],[[21085,79824],[23,-57],[130,7],[-6,-56],[92,-71],[-26,-41],[150,-18],[98,-77],[-13,-66],[99,-30],[-143,-157],[-103,-58],[-276,-57],[-64,10],[-185,117],[-33,71],[-104,50],[-265,221],[-40,96],[140,18],[189,134],[54,0],[157,88],[84,-51],[42,-73]],[[32866,83649],[-41,41],[54,145],[-172,105],[-90,18],[-111,-38],[-210,-11],[-110,45],[24,201],[-17,80],[79,117],[87,83],[114,62],[187,17],[96,-97],[176,27],[87,37],[100,-37],[121,-88],[5,-65],[94,-184],[-44,-78],[13,-104],[70,-81],[8,-159],[-41,-86],[-106,-142],[-91,118],[-282,74]],[[35763,85627],[-143,-14],[-230,50],[111,46],[123,9],[516,7],[136,-62],[35,-91],[-162,-48],[-284,64],[-102,39]],[[52269,81437],[48,61],[185,-38],[211,-87],[-143,-104],[-238,63],[-78,63],[15,42]],[[43447,82121],[30,19],[402,-21],[129,-64],[3,-44],[-94,-59],[-355,-104],[-400,-95],[-193,7],[135,150],[15,96],[104,12],[224,103]],[[41622,80752],[118,8],[-11,-93],[-82,-62],[13,-46],[-75,-205],[-79,-46],[-51,117],[53,116],[72,85],[5,115],[37,11]],[[36554,80310],[-42,77],[101,27],[92,-53],[122,-162],[-61,-55],[-131,53],[-81,113]],[[29812,80272],[149,121],[107,-10],[67,-127],[-139,-76],[-112,-120],[-140,16],[-31,90],[99,106]],[[30921,80249],[43,94],[114,-100],[9,-66],[-227,-9],[61,81]],[[24431,81317],[115,-41],[-7,-64],[95,-65],[233,-47],[101,-109],[86,-147],[-93,-133],[28,-123],[-67,-99],[-309,-44],[-161,66],[-130,-35],[-98,-59],[-96,-17],[-216,37],[-150,68],[-64,88],[-178,60],[-108,-32],[62,-120],[-163,8],[32,-65],[-60,-57],[-224,7],[-52,17],[-80,157],[-196,44],[-249,-59],[-111,-2],[-216,-121],[-203,-47],[-137,145],[81,38],[93,171],[285,101],[135,67],[55,1],[162,89],[195,25],[223,-15],[112,38],[78,61],[135,49],[-21,72],[88,-3],[91,102],[261,45],[88,100],[217,-12],[176,-51],[162,-89]],[[33618,81437],[-35,54],[110,36],[40,52],[123,14],[268,-15],[156,-26],[97,-43],[297,-93],[90,-89],[76,-23],[218,-17],[139,-139],[144,7],[-55,-137],[-53,-65],[147,-46],[106,-61],[206,88],[142,-15],[353,-159],[189,-138],[9,-65],[-110,-83],[-147,-55],[-77,-76],[-137,-38],[38,-42],[108,9],[111,-78],[18,-71],[142,-78],[-32,-127],[-66,-149],[-67,-91],[-160,45],[-203,-87],[-75,5],[-144,-75],[-137,-44],[-195,-37],[-119,19],[-40,80],[-159,-82],[-64,-107],[-115,-76],[-180,60],[14,138],[87,78],[-112,59],[-118,20],[-217,137],[-122,20],[46,90],[-45,59],[177,-1],[35,-21],[358,-10],[81,20],[-29,72],[46,39],[-242,87],[-132,78],[-196,-19],[-58,28],[-208,19],[5,54],[122,-3],[-69,97],[-150,34],[21,88],[-65,92],[31,45],[-109,20],[-115,82],[-38,113],[60,58],[210,14],[-42,112],[-193,148],[34,131],[-24,80]],[[31330,79469],[241,-177],[-31,-81],[-94,-42],[-110,29],[-213,-5],[-186,-87],[-264,-1],[-143,98],[-114,43],[-24,68],[-60,10],[7,140],[41,60],[288,60],[141,-24],[123,29],[276,-73],[122,-47]],[[29113,80323],[-40,39],[-250,9],[-122,108],[-94,29],[-29,72],[-184,176],[11,61],[-39,93],[149,147],[123,13],[211,-15],[176,-104],[122,-25],[213,17],[169,-40],[93,65],[-49,82],[77,31],[-116,72],[-98,-12],[-283,35],[191,94],[209,-19],[4,94],[157,62],[-104,116],[-90,-49],[-116,74],[-105,-14],[-109,-70],[-190,29],[51,111],[83,46],[33,66],[83,-2],[31,89],[-128,39],[-74,106],[-136,-3],[-141,-71],[-112,-219],[-116,-77],[-169,-42],[-46,37],[27,65],[101,82],[37,121],[93,111],[-14,117],[-214,12],[-112,-57],[-223,-18],[-165,59],[-26,267],[74,172],[62,52],[-13,87],[27,84],[93,-22],[153,13],[147,-15],[163,28],[373,111],[90,-28],[172,14],[206,-40],[43,-61],[190,-95],[105,28],[143,-56],[108,-107],[57,-144],[148,-106],[61,-111],[-51,-180],[72,-84],[-35,-76],[14,-66],[95,12],[80,120],[-16,151],[169,43],[150,116],[116,12],[198,-64],[307,-222],[57,33],[133,-73],[-21,-58],[-101,-101],[-66,-144],[128,6],[30,-55],[82,-35],[74,78],[159,-4],[69,59],[135,11],[70,-130],[95,-10],[127,-72],[80,-72],[-85,-98],[112,-26],[80,-78],[202,-48],[-128,-82],[60,-53],[-55,-98],[-188,-100],[97,-74],[7,-100],[-39,-100],[129,-13],[109,-40],[57,-173],[92,-22],[97,-137],[63,-36],[49,-91],[98,-42],[-134,-176],[9,-144],[54,-20],[-116,-100],[-135,-62],[-393,-33],[-17,-61],[-174,46],[-31,35],[-140,-15],[-229,140],[-141,179],[-26,140],[-42,72],[65,31],[-77,54],[-22,62],[-101,49],[-8,105],[-52,10],[-158,-54],[-97,64],[-16,70],[-180,8],[-52,51],[-156,3],[-188,64],[-17,-34],[-171,-27],[-137,-62],[-160,68],[4,93],[75,141],[-201,-32],[-145,25],[-107,-51],[-171,-31],[-283,-88],[-62,-42],[-8,-64],[-119,-11]],[[35763,82843],[-100,88],[72,56],[-65,57],[38,128],[67,31],[172,2],[365,74],[304,88],[169,94],[-32,103],[85,90],[-154,-25],[-271,-182],[-132,7],[-192,-56],[-255,-21],[-142,8],[-154,39],[-79,118],[-141,87],[-33,104],[-211,78],[14,28],[-113,76],[99,77],[-6,65],[-66,44],[-38,128],[-66,122],[28,154],[252,-10],[115,-29],[168,-118],[472,-86],[301,4],[154,29],[240,-115],[58,42],[-262,153],[85,68],[227,116],[250,-3],[2,31],[-289,26],[-139,-11],[-92,-66],[-376,-92],[-97,0],[-290,112],[122,58],[115,-1],[33,47],[-157,9],[-281,-61],[-406,184],[-55,53],[91,114],[127,-43],[-5,88],[152,26],[256,-23],[93,-33],[178,28],[-169,50],[-108,57],[-41,57],[-209,82],[119,51],[-8,93],[-65,54],[296,11],[110,25],[283,1],[115,25],[146,-87],[154,-28],[104,12],[334,-7],[108,-81],[93,17],[-59,85],[-127,62],[-284,39],[-134,-12],[-58,182],[141,33],[-88,56],[-136,6],[-222,82],[12,72],[-115,-2],[-138,-40],[-149,65],[32,58],[154,108],[-158,1],[-6,42],[112,43],[76,118],[-12,61],[132,54],[139,20],[28,46],[215,-39],[145,-62],[-66,-50],[103,-62],[209,121],[181,44],[-380,119],[94,46],[79,-49],[244,25],[306,-93],[143,14],[195,91],[-112,55],[110,55],[-51,68],[-103,53],[-269,7],[-145,-34],[-178,2],[-230,47],[-95,51],[10,104],[110,46],[60,105],[134,-4],[232,-53],[101,-58],[85,25],[-95,120],[334,-45],[224,-76],[54,-44],[390,-93],[171,-72],[123,-78],[99,-97],[-28,-47],[61,-58],[27,-112],[134,-138],[87,-170],[113,-65],[9,-67],[125,-64],[-15,-108],[174,-98],[186,-44],[97,-146],[-130,-95],[-31,-70],[466,-29],[155,-46],[107,-2],[203,39],[153,-7],[117,-37],[130,-90],[56,-75],[-189,-120],[159,-17],[-52,-80],[40,-45],[-127,-86],[70,-150],[91,-89],[86,-27],[107,-81],[175,-70],[126,-3],[118,53],[-47,74],[-95,45],[-18,65],[-111,54],[-46,93],[46,98],[-60,63],[23,74],[190,125],[366,-31],[110,-38],[128,-2],[2,-144],[55,-119],[-1,-217],[-88,-68],[-299,-52],[65,-105],[132,-23],[171,15],[77,-35],[141,33],[69,-79],[74,-164],[75,-40],[-159,-63],[-48,-92],[247,87],[11,-67],[-99,-250],[18,-93],[-77,-138],[0,-69],[-227,-148],[-18,-57],[58,-69],[91,5],[69,132],[167,66],[90,8],[50,62],[99,48],[274,-29],[141,-89],[86,-137],[-86,-34],[91,-47],[-84,-150],[134,51],[71,116],[-5,114],[46,108],[89,7],[143,-97],[-12,-64],[123,-200],[73,-52],[37,-81],[85,-8],[81,-60],[83,-114],[32,-101],[-243,-84],[-63,-81],[-108,-7],[-155,-80],[-92,-12],[-151,-64],[-313,-67],[-169,-78],[-44,-155],[-92,-56],[-69,8],[-104,154],[-62,-23],[31,-229],[-16,-64],[-267,-183],[-63,-135],[-108,-177],[-108,-32],[-175,123],[-86,201],[-3,84],[49,186],[-38,108],[128,73],[-115,17],[-136,-25],[-43,-74],[15,-107],[-33,-124],[31,-222],[74,-163],[-31,-56],[114,-8],[101,-159],[-10,-50],[-109,-176],[-151,-52],[-276,283],[-19,59],[-124,6],[-46,-74],[47,-34],[5,-110],[117,-118],[30,-128],[-102,-164],[-8,-97],[-50,-196],[-38,-69],[-67,-29],[-143,68],[-80,64],[-94,127],[-57,128],[-112,134],[-143,124],[-74,114],[-53,18],[-16,110],[-90,92],[-92,27],[-20,-115],[88,-247],[139,-76],[167,-274],[46,-145],[82,-135],[-102,-12],[-81,141],[-163,1],[-36,37],[-66,155],[-172,75],[-227,-41],[-45,-73],[221,-17],[-43,-47],[71,-150],[-56,-97],[-261,-16],[-274,21],[-149,63],[-80,-21],[-263,51],[-158,116],[-136,-80],[-87,34],[-43,130],[-236,68],[-103,67],[9,41],[-119,46],[-144,94],[-40,121],[39,40],[205,-18],[107,12],[-3,45],[218,26],[133,-9],[146,34],[-73,86],[-165,-4],[-291,47],[-109,70],[-87,10],[-91,-61],[-277,-43],[-227,209],[-187,193],[182,45],[210,-90],[234,-13],[-267,174],[-180,36],[-228,-11],[-120,152],[-125,85],[-86,106],[216,98],[162,11],[274,153],[-3,61],[76,63],[185,12],[142,-21],[88,-54],[60,76],[258,-32],[232,-8],[328,52],[396,38],[71,34],[279,-1],[249,33],[-27,64],[-153,-34],[-113,27],[-227,1],[-163,-45],[-160,11],[-103,-37],[-470,-17],[-236,82],[-69,42],[143,99],[426,-26],[188,66],[129,-2],[266,41],[67,39],[-82,45],[-185,-21],[-332,-65],[-187,-4],[-232,52],[-126,45],[102,38],[-55,122],[-154,-48],[-117,-60],[-69,37],[-74,96],[-72,-35],[122,-153],[-85,-38],[-167,-34],[-53,20],[103,167],[-90,25],[-117,-219],[-134,29],[14,-122],[-174,-90],[-148,-17],[-51,22],[-43,100],[25,74],[93,64],[-65,38],[-270,51],[-38,-160],[-144,-11],[-107,-84],[-76,2],[-114,-72],[-113,36],[-32,71],[78,79],[-98,12],[7,88],[-296,-20]],[[58740,87605],[-284,27],[85,36],[376,-23],[-177,-40]],[[39018,87663],[-74,-89],[-161,11],[-75,87],[50,38],[260,-47]],[[59773,87939],[231,36],[4,-57],[-188,-28],[-47,49]],[[49315,90654],[112,45],[149,-58],[-118,-99],[-95,-16],[-48,128]],[[46917,75746],[105,61],[101,-23],[-72,-66],[-134,28]],[[32265,75219],[54,13],[85,-59],[36,31],[105,0],[43,108],[-137,-19],[-22,61],[-103,64],[0,67],[-68,23],[-41,129],[-80,55],[84,48],[153,-25],[64,10],[-94,120],[-157,-31],[-214,58],[-55,95],[139,60],[165,-32],[0,56],[79,50],[-114,89],[-173,48],[-19,-25],[-147,-12],[-104,35],[-33,55],[-153,146],[-21,61],[157,48],[90,101],[216,117],[153,48],[112,-22],[126,-51],[100,44],[174,-19],[21,-76],[175,-170],[124,-39],[-75,-33],[0,-76],[78,-91],[68,17],[-40,100],[72,35],[59,-40],[78,11],[-32,60],[-121,98],[-4,89],[37,85],[358,20],[-45,69],[-111,-8],[-96,50],[83,37],[200,-1],[93,-49],[-35,-54],[39,-51],[193,-67],[-143,-46],[87,-43],[80,19],[40,-55],[200,-20],[101,-64],[8,-174],[-36,-49],[-64,-163],[56,-12],[12,-95],[164,-142],[21,-152],[-98,-144],[-29,-262],[26,-208],[-37,-122],[-158,-66],[-59,-57],[133,-20],[139,-68],[163,-19],[4,-61],[-45,-113],[28,-351],[63,-136],[-137,109],[-18,152],[-77,46],[-76,85],[-77,-77],[55,-144],[-97,1],[-7,94],[-105,-67],[106,-97],[-142,-92],[149,-40],[-12,-41],[-98,0],[-64,-90],[77,-99],[109,-23],[63,-81],[-47,-33],[107,-79],[64,-81],[-115,-55],[-87,-8],[-75,99],[-161,61],[110,-144],[63,-107],[-39,-94],[-90,19],[-60,-27],[-120,17],[-110,-57],[-85,18],[-67,-44],[-111,13],[-86,134],[-55,-39],[27,-66],[-65,-25],[-196,3],[-98,39],[30,130],[-55,-8],[-30,-83],[5,-84],[-57,-44],[-437,25],[-145,41],[-79,46],[15,170],[-52,106],[22,29],[-118,70],[81,62],[159,-7],[160,14],[-61,48],[-201,15],[148,103],[-254,-22],[-97,45],[-22,66],[184,90],[-123,87],[207,49],[242,17],[-56,60],[142,33],[41,-41],[139,75],[-231,-6],[-73,-13],[37,121],[75,8],[54,46],[122,28],[26,38],[-163,12],[129,101],[144,2],[35,25],[172,16],[222,-6],[15,66],[-209,-26],[-361,-68],[-59,33],[-237,-40],[-153,-12],[-37,-24],[-212,-11],[-209,-72],[-239,-44],[-156,-14],[-13,35],[-117,12],[-36,-39],[-189,-37],[-170,-52],[-160,13],[-177,-32],[-156,-94],[-26,75],[-95,34],[23,71],[-64,33],[-38,83],[156,23],[2,75],[105,21],[-31,62],[181,42],[166,84],[-11,44],[-166,-27],[10,121],[153,104],[246,57],[61,-78],[133,-89],[119,-22],[8,-129],[90,131],[-57,81],[-90,-9],[-79,160],[87,69],[88,36],[-20,42],[-115,-12],[-90,-33],[-129,93],[-60,111],[-7,93],[118,77],[-2,63],[185,110],[-282,4],[-116,-30],[-65,10],[-21,77],[72,4],[-21,84],[35,62],[-38,51],[77,167],[117,73],[273,-20],[168,-68],[57,-104],[81,-32],[42,-57],[-55,-189],[156,-12],[256,-215],[-15,-90],[250,-87],[78,-166],[90,-57],[20,-77]],[[36180,75581],[29,44],[100,24],[97,-23],[-68,-117],[-96,-8],[-62,80]],[[29113,75524],[-99,51],[-138,28],[-70,71],[-18,72],[123,76],[68,70],[147,15],[262,77],[145,10],[151,52],[118,14],[56,31],[175,17],[129,-7],[73,-55],[9,-57],[96,-121],[-62,-53],[22,-49],[-84,-111],[-126,-56],[-315,-91],[-380,-4],[-171,-19],[-111,39]],[[34517,77232],[100,31],[63,-74],[-48,-46],[-115,89]],[[21246,76934],[-45,43],[-126,33],[-101,-16],[-90,34],[-244,34],[-37,53],[37,84],[119,92],[116,32],[102,-5],[45,31],[219,21],[257,-20],[131,-111],[80,-24],[4,-115],[-120,-136],[-240,26],[-107,-56]],[[33791,76649],[146,2],[-46,-65],[-100,63]],[[44925,76481],[78,-52],[-46,-107],[-119,57],[-16,134],[103,-32]],[[29113,76104],[-209,12],[48,69],[-61,29],[-31,137],[9,65],[-42,69],[-122,-14],[15,97],[-91,64],[8,86],[252,151],[66,19],[203,-20],[71,-60],[-41,-109],[51,-12],[53,89],[131,-82],[88,-150],[138,-55],[113,18],[3,-59],[190,-60],[-30,-94],[-125,-105],[-107,-47],[-279,-62],[-91,1],[-102,43],[-108,-20]],[[40196,76434],[-66,23],[-96,92],[-94,211],[-99,75],[-24,62],[-86,99],[23,108],[95,61],[85,9],[79,52],[205,13],[65,-38],[121,-127],[32,-159],[-100,-46],[-42,-124],[32,-144],[128,-90],[-72,-48],[-140,36],[-46,-65]],[[15813,75295],[-82,105],[-151,-48],[-43,-157],[-163,201],[-193,41],[-90,69],[-195,-33],[-9,-124],[-116,-40],[-83,-67],[-170,22],[-76,53],[71,111],[9,52],[112,152],[-38,42],[-88,-30],[-66,40],[98,35],[-47,77],[-114,-57],[-126,37],[74,54],[23,84],[100,30],[37,61],[-6,137],[235,152],[208,37],[70,38],[208,-29],[80,28],[85,-12],[20,94],[53,4],[21,118],[-21,66],[82,20],[29,87],[68,22],[-25,99],[37,62],[97,-35],[128,37],[39,73],[59,36],[150,40],[60,55],[113,55],[-39,151],[137,40],[55,46],[-1,60],[71,32],[-14,64],[110,56],[43,85],[83,38],[9,78],[126,35],[14,46],[83,22],[134,130],[22,114],[71,107],[79,25],[168,-10],[121,83],[167,6],[240,-17],[384,25],[7,-48],[90,-31],[123,14],[20,-50],[342,-41],[24,18],[-157,91],[14,42],[167,-41],[80,-62],[94,103],[72,36],[-267,53],[-91,140],[167,14],[104,131],[194,46],[113,-26],[87,-65],[130,-21],[-8,-100],[103,-9],[154,-61],[84,-78],[135,-66],[42,-90],[-87,-80],[17,-33],[-167,-36],[-69,-43],[-207,-88],[-177,2],[70,-65],[-97,-122],[74,-152],[372,-173],[23,-64],[-47,-43],[-117,-34],[-142,43],[-92,65],[-103,-30],[59,-56],[7,-61],[234,-115],[0,-126],[44,-2],[12,-99],[40,-56],[-83,-27],[-63,-142],[-182,-73],[-165,-47],[-226,10],[-202,-58],[1,-94],[50,-39],[-6,-148],[53,-74],[-20,-84],[-93,-85],[-184,-102],[-105,4],[-166,51],[8,44],[-85,51],[-95,12],[-28,67],[-106,120],[-1,149],[94,100],[-39,76],[48,43],[-50,40],[25,49],[-4,119],[115,86],[55,166],[-99,72],[-124,-155],[-228,53],[2,-161],[-90,47],[-45,-36],[6,-84],[103,-54],[9,-181],[-152,-75],[-61,-75],[-89,36],[-27,58],[-154,-40],[-24,-83],[120,-21],[92,-43],[84,-125],[-10,-85],[40,-61],[-65,-95],[-176,-26],[-68,-62],[-9,-72],[67,-95],[-69,-30],[5,-68],[-74,-3],[-75,-53],[-70,10],[-61,54],[-70,233],[-49,20],[-32,85],[9,111],[-139,-72],[-43,-73],[121,-178],[-103,-73],[89,-103],[-90,-36],[146,-100],[23,-90],[-168,-95],[-49,-98],[7,-87],[-140,-71],[-131,0],[-31,104],[-48,9],[-44,-161],[-46,-36],[-151,50],[15,217],[63,90],[-131,75],[-94,-6],[-50,122],[2,146],[65,64],[-165,79],[-135,-106],[17,-81],[-24,-93],[63,-67],[35,-177],[-23,-4]],[[31330,76837],[176,102],[18,48],[194,73],[223,16],[158,-70],[-79,-26],[-97,-76],[-82,-24],[-145,-94],[-424,-160],[-86,-15],[-102,25],[-110,61],[104,61],[158,63],[94,16]],[[32703,76927],[-118,2],[-145,31],[-20,33],[137,59],[86,-8],[151,-99],[-91,-18]],[[21407,77826],[-62,60],[26,44],[147,6],[58,-54],[-65,-51],[-104,-5]],[[21689,77820],[90,56],[81,2],[16,-54],[-111,-33],[-76,29]],[[24979,77440],[116,19],[83,-86],[-177,44],[-22,23]],[[34375,77580],[-1,41],[90,57],[85,-3],[31,-59],[-107,-90],[-122,8],[24,46]],[[39182,78071],[132,79],[179,-12],[105,-49],[45,-91],[-84,-87],[-118,-19],[-195,88],[-64,91]],[[35763,78132],[166,10],[179,-106],[-18,-66],[-100,-14],[-168,107],[-59,69]],[[29113,77827],[-119,-60],[-150,24],[31,116],[113,59],[133,4],[73,-69],[-81,-74]],[[44116,78855],[59,-38],[23,-76],[98,-46],[-165,-89],[-110,-12],[15,103],[-106,66],[-185,14],[121,99],[150,1],[100,-22]],[[40196,78064],[-104,-24],[-160,17],[36,45],[-24,63],[-152,-37],[-382,158],[-150,156],[9,123],[-27,100],[18,110],[-22,69],[48,83],[166,59],[36,55],[157,-48],[170,-30],[70,21],[130,-51],[19,-56],[245,-128],[127,-129],[18,-267],[32,-65],[-173,-177],[-87,-47]],[[27903,79206],[150,-83],[159,-142],[164,-215],[31,-80],[-64,-65],[40,-67],[-24,-65],[200,29],[41,-88],[114,-59],[86,-72],[90,-187],[-20,-128],[-63,-66],[-141,-89],[-140,6],[-138,120],[-227,-20],[-17,95],[-90,12],[-22,106],[-104,159],[12,31],[-72,83],[-23,125],[-76,92],[44,55],[-5,63],[-124,41],[41,41],[-37,51],[25,73],[-72,104],[-62,31],[-85,109],[134,74],[185,-23],[90,-51]],[[35763,79297],[35,61],[107,12],[24,-144],[160,34],[108,0],[88,61],[140,-11],[61,25],[192,-50],[137,-20],[178,10],[61,-51],[251,84],[107,-14],[141,-81],[99,-9],[116,-149],[-42,-48],[-113,6],[-85,-39],[8,-94],[-89,-73],[16,-177],[-83,-65],[-220,35],[-236,-18],[-295,59],[-70,-5],[-198,30],[-128,-38],[-168,-25],[-154,41],[-296,-27],[-157,48],[-86,108],[-73,46],[-58,90],[-2,125],[23,80],[119,34],[47,69],[110,50],[58,-7],[167,37]],[[24431,79616],[-141,-45],[-109,19],[-259,-65],[-208,-27],[8,-53],[129,-66],[-8,-72],[74,-22],[288,43],[145,-8],[52,-100],[-55,-123],[37,-145],[-66,-38],[71,-61],[-142,-151],[-84,-16],[-71,-72],[-118,-6],[-36,-30],[-152,-19],[-56,-75],[-340,53],[-17,-57],[-347,-95],[-188,-73],[-182,49],[-168,60],[-88,187],[-116,-30],[-156,46],[-26,119],[-107,22],[-68,-21],[-8,138],[20,52],[77,41],[-138,82],[33,55],[-22,81],[47,38],[-114,84],[-1,137],[123,155],[92,-34],[169,78],[136,85],[216,72],[119,-16],[191,81],[47,-31],[97,77],[79,-64],[157,99],[129,3],[124,45],[173,-1],[77,-54],[92,14],[32,67],[412,20],[259,-10],[144,-18],[95,-57],[-4,-99],[-124,-182],[-225,-66]],[[44629,76376],[-40,-32],[-110,-5],[-177,85],[16,33],[-57,128],[-83,43],[22,54],[-54,76],[-120,65],[-61,-22],[91,-114],[42,-17],[-8,-141],[38,-48],[5,-93],[57,-90],[166,-60],[262,-145],[-49,-43],[-72,12],[-188,-13],[-109,-35],[-56,13],[-203,-15],[-11,54],[-153,-7],[-246,112],[-252,17],[-209,42],[-49,74],[25,133],[130,71],[-14,82],[-156,130],[-44,-49],[157,-98],[-1,-39],[-101,-19],[-102,-70],[-124,-295],[-154,58],[-164,21],[-2,72],[-72,75],[-183,22],[50,77],[-17,64],[-74,27],[31,125],[-96,-24],[-1,-110],[66,-65],[-37,-83],[79,-81],[-49,-109],[-83,-19],[7,-60],[-216,59],[-111,-4],[-290,58],[-37,26],[58,75],[18,170],[-55,52],[1,78],[-80,75],[-2,83],[38,32],[-89,240],[-109,-120],[102,-174],[-55,-61],[77,-32],[47,-73],[-26,-66],[32,-56],[-67,-38],[-35,-77],[13,-114],[-78,3],[13,169],[31,25],[-21,88],[37,71],[-49,92],[-81,-140],[-33,-107],[38,-80],[-97,-108],[-94,10],[-158,50],[-35,75],[-130,66],[33,45],[-37,78],[-62,-28],[-120,68],[56,104],[102,64],[47,58],[-43,72],[-13,199],[-39,113],[95,90],[91,15],[82,61],[156,53],[18,89],[153,5],[93,120],[103,60],[48,62],[161,68],[125,-3],[49,-26],[135,48],[72,-19],[110,16],[14,-63],[103,-11],[106,165],[111,-21],[141,29],[26,36],[-180,15],[75,80],[133,38],[29,36],[-228,-8],[-15,72],[124,83],[128,-7],[48,60],[-208,4],[-95,-25],[-80,-59],[-304,67],[27,72],[-66,66],[106,98],[-56,147],[-108,35],[40,40],[-116,26],[-26,58],[-141,37],[-52,66],[54,133],[-19,106],[63,118],[186,30],[122,54],[209,47],[133,44],[172,-33],[170,3],[285,-95],[231,-101],[74,-120],[103,-92],[72,-148],[63,-280],[61,-60],[-5,-96],[144,64],[53,-106],[60,-65],[202,20],[142,-27],[153,-131],[201,-58],[43,36],[-89,67],[-36,91],[57,46],[188,-43],[118,32],[130,-22],[137,-45],[201,-20],[57,53],[-137,16],[-135,118],[67,40],[140,25],[109,63],[160,151],[139,198],[51,32],[10,75],[65,30],[134,207],[73,135],[77,95],[10,70],[-51,125],[26,47],[139,3],[-8,105],[-220,-62],[-92,-97],[43,-135],[-33,-70],[-143,-94],[-145,-184],[-38,-154],[-251,-315],[-158,-117],[-205,-55],[-210,39],[-197,15],[-63,-30],[-238,70],[0,79],[147,77],[-16,63],[-185,-95],[-79,61],[-201,94],[36,69],[-49,59],[91,67],[-2,68],[97,9],[8,74],[-184,-64],[-90,44],[-5,46],[133,101],[135,-12],[147,56],[-326,-2],[-141,-85],[-52,95],[-111,49],[27,49],[365,190],[146,50],[69,-53],[144,-11],[30,70],[-135,17],[-153,49],[1,48],[75,136],[101,-25],[146,73],[77,7],[273,-70],[-33,62],[-135,40],[-236,14],[-118,-71],[-77,56],[28,76],[114,189],[-59,85],[72,250],[-67,-25],[-74,-138],[2,-162],[-140,-178],[-85,-143],[-112,-121],[-46,-78],[-219,-18],[-121,-26],[-74,-46],[-172,-14],[-84,62],[21,170],[116,5],[143,154],[49,182],[-153,-36],[-18,-126],[-158,-115],[-178,21],[-7,-68],[-149,-114],[-350,-34],[-284,49],[28,96],[139,50],[174,16],[-195,54],[-148,-21],[17,325],[-33,83],[23,85],[143,150],[180,106],[-13,57],[136,201],[57,149],[176,131],[356,35],[396,65],[223,69],[138,81],[113,15],[184,-93],[137,-48],[152,-15],[249,8],[223,-23],[162,-43],[140,-101],[121,-11],[188,-139],[103,-34],[102,7],[104,-71],[85,-126],[194,-88],[119,45],[-238,154],[-56,107],[105,52],[135,-32],[-2,60],[-136,7],[-72,-32],[-222,0],[-22,57],[-319,149],[11,52],[139,23],[181,-31],[307,-25],[261,51],[182,19],[165,-36],[37,101],[-88,23],[82,211],[127,124],[-57,11],[-127,-85],[-95,-8],[-189,-182],[-38,-57],[-221,-39],[-119,9],[-261,77],[-191,15],[-262,-20],[-135,9],[-183,44],[-347,28],[-73,54],[-239,57],[-59,107],[212,178],[273,-62],[81,-40],[42,-111],[231,-54],[190,-14],[-29,57],[-178,51],[10,48],[-119,44],[-124,122],[85,77],[-87,17],[-89,-60],[-83,8],[-135,211],[-49,108],[34,92],[-51,94],[-131,80],[-157,51],[-94,140],[-46,168],[-87,67],[-304,125],[-224,3],[-111,45],[-283,51],[-105,62],[-25,69],[46,328],[95,36],[382,-74],[181,-4],[188,-81],[66,57],[-128,23],[-51,51],[-122,7],[-420,91],[-174,-3],[-93,59],[-83,201],[16,119],[56,168],[66,120],[323,54],[258,-20],[99,-60],[196,-62],[200,-7],[188,16],[604,-3],[180,-33],[232,-104],[245,-210],[252,-154],[147,-74],[80,-82],[278,-158],[163,-109],[49,-180],[48,-35],[-11,-74],[137,-70],[141,-147],[136,47],[185,-38],[128,-50],[356,-83],[-22,79],[121,40],[476,100],[100,90],[-462,-42],[-233,-78],[-135,-3],[-177,81],[-191,42],[-206,25],[51,69],[-88,37],[16,127],[-99,165],[11,38],[198,52],[-83,39],[-146,14],[-203,60],[-259,135],[-137,130],[-130,88],[-248,245],[-149,80],[-56,64],[342,71],[232,14],[127,36],[252,38],[141,3],[465,59],[458,83],[249,-2],[-5,91],[86,51],[599,34],[121,26],[348,5],[220,19],[319,6],[127,55],[-228,3],[-73,26],[-507,22],[-430,-48],[-297,25],[539,226],[446,99],[58,27],[479,98],[249,34],[391,21],[116,-5],[390,25],[114,62],[-185,34],[-173,-15],[-242,12],[-209,34],[-369,4],[-250,-35],[-424,-79],[-117,-4],[-22,75],[67,20],[16,107],[-66,82],[178,126],[226,102],[81,128],[-14,51],[154,48],[87,55],[62,88],[488,190],[67,1],[293,122],[8,114],[-215,-61],[-195,-90],[-186,-39],[-417,-134],[-71,-4],[-51,-97],[-250,-137],[-83,-171],[-77,-30],[-313,98],[-136,110],[-52,-22],[340,-238],[-183,-80],[-72,-125],[155,-36],[-70,-91],[-98,-7],[-70,-167],[-206,-78],[-173,-92],[-518,-148],[-241,-95],[-210,-56],[-446,-93],[-212,-18],[-311,-57],[-355,-37],[-218,6],[-25,43],[68,139],[223,130],[69,-3],[198,67],[175,-2],[236,108],[141,101],[-180,50],[-121,-61],[-280,-92],[-29,-45],[-327,-55],[-138,-48],[-186,-32],[-107,87],[-24,58],[142,17],[193,133],[-97,52],[-113,-103],[-306,-125],[3,-131],[74,-109],[-104,-181],[-307,-46],[-292,-22],[-150,34],[-171,-35],[-280,5],[-169,32],[-410,4],[-181,38],[-93,41],[-237,61],[75,187],[81,88],[269,191],[369,349],[644,142],[116,-7],[454,64],[167,10],[275,45],[78,40],[213,21],[82,32],[325,7],[84,59],[-159,32],[-522,-79],[-286,-61],[-346,-15],[-240,-32],[-238,-11],[-248,-59],[-216,16],[-168,-26],[-202,-88],[-266,-165],[-249,-240],[-93,-31],[-65,-67],[-208,-127],[23,-68],[-151,-135],[-225,-10],[-338,97],[-179,32],[-202,78],[-72,59],[-624,243],[-101,128],[208,79],[426,75],[474,58],[380,-68],[284,5],[121,41],[240,-1],[122,29],[186,95],[323,81],[16,38],[307,169],[354,127],[183,44],[-111,94],[-311,-63],[-165,-58],[-267,-53],[-92,-42],[-227,-166],[-129,-34],[-375,-33],[-68,-37],[-263,-43],[-323,-23],[-327,31],[-395,-48],[-89,7],[-355,-73],[-286,-25],[-183,22],[-196,72],[-140,219],[13,93],[149,23],[-1,52],[247,50],[95,-56],[157,-22],[197,23],[-198,103],[-326,71],[-34,81],[304,50],[217,130],[170,55],[105,84],[211,78],[399,18],[-161,44],[-39,44],[-181,-46],[-139,-8],[-203,-46],[-717,-232],[-215,-82],[-162,-33],[-75,102],[-147,14],[-82,68],[170,86],[244,71],[168,101],[124,-4],[50,61],[106,34],[-287,79],[-116,109],[-65,-99],[-265,38],[-78,-84],[-130,-32],[-8,-124],[-131,-5],[-157,-59],[-107,109],[-174,73],[-195,4],[8,117],[148,28],[15,114],[118,10],[57,69],[314,-25],[-61,102],[77,53],[207,34],[100,-10],[45,90],[339,38],[199,-34],[70,80],[125,-44],[58,-84],[257,-51],[75,113],[-175,47],[98,79],[108,-40],[128,19],[-82,86],[96,89],[330,120],[315,24],[188,0],[202,23],[203,-39],[173,-146],[-105,-83],[88,-17],[134,69],[6,75],[95,59],[505,-14],[143,-49],[213,-119],[54,67],[351,3],[84,-21],[208,16],[108,-62],[30,-162],[84,19],[-13,122],[-49,79],[-92,46],[-191,32],[-417,28],[-336,100],[-496,68],[-94,53],[-83,122],[23,41],[324,9],[390,30],[236,-5],[147,80],[95,17],[-129,98],[-41,98],[24,104],[-137,2],[-61,96],[418,43],[219,1],[169,-64],[-156,-56],[304,-80],[153,-21],[-7,-49],[238,35],[307,-51],[296,-190],[7,-102],[255,-106],[47,-92],[-37,-87],[204,-31],[462,-15],[21,47],[-366,12],[-88,24],[-78,169],[-198,91],[2,96],[54,50],[248,-14],[259,-105],[49,-66],[427,-165],[343,-89],[96,-54],[168,-46],[154,-73],[530,-88],[104,-97],[159,-85],[198,38],[-184,85],[-113,110],[64,62],[-488,39],[-199,47],[-205,83],[-46,48],[43,84],[-210,1],[-281,67],[-223,83],[-191,108],[-438,164],[-71,95],[153,63],[-79,67],[66,97],[201,13],[455,-39],[55,53],[-220,44],[-285,93],[-97,78],[18,70],[156,67],[290,-29],[265,-50],[251,-91],[278,-212],[174,-98],[220,50],[-218,160],[-198,181],[-227,122],[-55,98],[-212,70],[-92,98],[211,38],[340,-16],[316,-51],[119,-41],[145,-98],[-13,-109],[188,72],[184,-24],[376,-79],[167,53],[-261,19],[-465,122],[-59,123],[-306,131],[4,59],[174,69],[266,60],[230,-11],[109,19],[229,-87],[81,-73],[205,132],[155,-44],[44,-145],[212,-37],[3,73],[278,118],[268,-86],[322,-80],[137,-162],[191,-120],[81,-127],[296,-85],[162,-66],[1,-101],[-174,-116],[175,0],[162,136],[266,127],[-130,17],[-358,118],[-150,30],[-55,194],[-169,64],[-111,147],[-488,170],[-109,81],[59,84],[-91,49],[327,57],[37,38],[551,73],[330,22],[371,-8],[472,15],[602,-18],[183,-83],[-193,-79],[-177,27],[-59,-72],[-101,-22],[229,-67],[173,-92],[104,-110],[55,-129],[133,-45],[305,-151],[136,-27],[291,-105],[62,-87],[-83,-68],[35,-78],[220,180],[-95,124],[-257,89],[-222,49],[-170,136],[-50,81],[-151,46],[0,60],[175,57],[-94,37],[-219,-30],[-79,77],[117,87],[367,32],[251,72],[449,1],[301,20],[328,-8],[-114,-105],[-12,-105],[174,-125],[476,-113],[24,57],[-132,29],[-277,162],[72,92],[516,122],[644,11],[145,-77],[-106,-66],[217,-16],[68,-73],[318,57],[17,-118],[163,-95],[62,84],[129,77],[239,-29],[87,-37],[-42,-66],[233,28],[377,-22],[172,-43],[42,66],[294,-55],[333,-22],[-20,-67],[-244,-116],[-293,-114],[-252,-66],[-455,-102],[-60,-46],[-271,-18],[-236,-102],[53,-37],[204,62],[66,-17],[339,33],[249,-19],[125,61],[271,89],[178,10],[174,94],[689,187],[199,-37],[-81,-91],[106,-16],[108,92],[13,126],[313,54],[139,-25],[-96,-81],[129,-147],[267,-15],[207,108],[346,-3],[105,-76],[-1,-87],[-108,-75],[-45,-113],[319,-71],[-110,-66],[339,-82],[-120,-108],[377,-28],[274,37],[110,-81],[358,-10],[114,-29],[221,-126],[104,-109],[20,-110],[-33,-159],[-197,-132],[-203,-69],[-332,-60],[157,-54],[-254,-161],[-107,-49],[-127,20],[-77,-130],[-260,-104],[-205,-48],[-257,-92],[-226,-105],[-175,-32],[-109,-89],[-170,-60],[-286,16],[-114,70],[-320,-40],[-344,-85],[97,-47],[217,-2],[-393,-99],[-451,-29],[-113,21],[-421,-43],[-340,-12],[-484,-79],[-178,-52],[232,-27],[272,63],[135,-15],[371,29],[211,-39],[134,-80],[-395,-127],[-503,-145],[-197,-47],[-283,-99],[-478,-127],[-131,-11],[-227,20],[67,-64],[-113,-46],[-378,-91],[48,-34],[198,52],[149,-11],[189,71],[299,40],[121,40],[257,37],[311,66],[105,42],[407,108],[402,61],[579,146],[841,168],[213,4],[196,25],[51,-99],[-58,-131],[-137,-120],[-541,-254],[-201,-75],[-211,-41],[-137,7],[-164,-166],[-173,-81],[-65,-122],[-335,-175],[-212,-88],[-256,-9],[59,-77],[-160,-89],[-106,-21],[12,-58],[-106,-64],[-196,-37],[-185,-151],[-182,-81],[-154,-147],[-215,-167],[3,-30],[-153,-225],[-80,-54],[-251,-76],[-187,-20],[-180,7],[40,182],[-217,173],[-164,98],[-226,41],[-107,45],[-265,2],[-206,66],[-83,59],[-86,-49],[255,-114],[251,-21],[103,31],[103,-60],[148,10],[234,-141],[92,-186],[-64,-105],[140,-90],[276,-90],[31,-43],[-140,-85],[-34,-59],[-194,-9],[-48,20],[-245,16],[-39,-35],[-247,-35],[-228,-74],[-32,-43],[-139,-23],[-104,24],[-231,164],[-126,-37],[122,-37],[160,-111],[-349,-93],[176,-18],[133,29],[198,-18],[170,18],[309,75],[193,59],[133,6],[80,-36],[42,-68],[-54,-108],[-131,-50],[11,-56],[-217,-24],[-253,-49],[-89,-46],[-36,-63],[110,-34],[144,61],[197,-64],[-174,-162],[-5,-62],[-181,-70],[-110,-68],[-357,-51],[-118,-33],[-155,-77],[-78,81],[-255,-30],[-182,71],[-16,99],[-51,86],[106,62],[-277,-4],[-35,14],[-318,14],[-53,43],[-186,78],[-344,13],[-11,-62],[-311,-33],[-181,-1],[-123,-35],[72,-63],[239,-44],[353,29],[243,-4],[288,-98],[246,22],[-19,-40],[84,-48],[60,-129],[68,-83],[-47,-55],[67,-98],[-21,-36],[-237,-85],[-186,-18],[-68,19],[-131,115],[-34,-52],[39,-131],[-91,-66],[-142,-11],[-107,27],[-253,-13],[-143,112],[-126,34],[-35,-41],[143,-176],[-36,-72],[-193,-3],[-236,28],[-124,70],[-69,-20],[-239,51],[-42,97],[-190,69],[-275,31],[-175,-23],[-130,23],[-67,104],[-70,-86],[40,-63],[263,-49],[82,33],[81,-51],[251,-6],[87,-28],[-43,-49],[72,-82],[178,-79],[-161,-47],[-417,39],[-144,-8],[-87,36],[-123,152],[-170,42],[39,-155],[103,-127],[-199,35],[-249,3],[-131,50],[-139,-38],[160,-60],[251,-26],[179,-102],[432,40],[312,-39],[191,11],[131,-91],[137,-12],[110,39],[816,-13],[130,-34],[-68,-43],[-207,-36],[5,-51],[114,-18],[190,-222],[-41,-46],[-137,-33],[-387,32],[-379,72],[-198,114],[6,57],[-110,97],[-126,32],[-69,-13],[-402,2],[-265,-26],[-136,41],[-238,-5],[-227,23],[-132,-23],[-289,-95],[48,-17],[208,60],[142,7],[433,-18],[325,-53],[193,12],[115,-29],[261,-34],[100,-76],[-120,-33],[-315,41],[-478,-65],[-227,-81],[-132,27],[-127,75],[-182,-15],[36,-37],[130,15],[141,-99],[-184,-102],[-12,-50],[-90,-66],[-161,-191],[147,22],[71,134],[164,135],[85,43],[172,27],[95,-7],[495,92],[119,-25],[450,-47],[15,-32],[173,-18],[-80,-92],[-337,-55],[83,-58],[208,-1],[144,34],[124,-23],[200,15],[173,-45],[61,-37],[190,-56],[31,-121],[-39,-68],[71,-80],[-129,-13],[7,-128],[164,-82],[-145,-46],[-35,-42],[-149,-72],[-158,11],[-27,-33],[-290,-32],[-171,-7],[-116,24],[-89,55],[-183,14],[-227,-39],[10,-51],[343,15],[75,-67],[215,-73],[155,-8],[302,-96],[112,-65],[63,-88],[-68,-42],[-204,-26],[-11,-61],[-101,-131],[-114,-28],[-178,69],[-271,28],[-76,-12],[-256,32],[-78,-38],[-162,-33],[8,-50],[249,-78],[264,-35],[79,-45],[114,43],[112,-30],[113,11],[137,-22],[5,-51],[-63,-72],[0,-69],[-164,-139],[-160,18],[-44,61],[-273,-50],[-22,-64],[-70,-58],[-119,4],[-46,-64],[-79,-17],[-216,98],[-142,-18],[-117,25],[-356,13],[-160,53],[-160,-11],[-78,-113],[80,-114],[110,-32],[47,-48],[119,-43],[31,-125],[-78,-51],[-44,-80],[67,-72],[103,5],[46,-32],[-20,-61],[117,-23],[-218,-169],[17,-89],[-55,-53],[-172,-53],[-137,-94],[-64,-85],[-146,-103],[-101,-2],[72,148],[-139,-45],[-41,-65],[-91,-74],[-144,-23],[-141,34],[-189,26],[-74,-8],[-184,-86],[-207,52],[-96,-10],[-281,77],[-152,81],[-150,110],[-141,26],[-8,84],[-221,125],[23,31],[-92,87],[58,34],[-196,77],[12,106],[-85,25],[0,-117],[99,-53],[134,-151],[-30,-107],[-61,-99],[35,-53],[88,-21],[100,-84],[207,-14],[63,-83],[-285,-73],[-79,15],[-171,-46],[-91,46],[-160,16],[-22,-34],[87,-70],[138,-49],[-13,-104],[83,-82],[446,217],[104,72],[192,-56],[126,-6],[154,-55],[86,0],[83,-45],[178,-33],[-121,-80],[-149,-181],[45,-15],[140,95],[27,69],[152,134],[209,83],[95,-34],[213,-21],[124,-71],[58,-64],[-33,-56],[54,-36],[12,-65],[-72,-31],[-9,-49],[-88,-63],[-19,-52],[-108,-79],[-10,-96],[131,11],[80,-20],[71,43],[119,-20],[-49,-189],[176,-37],[23,49],[94,40],[-14,130],[45,55],[112,45],[25,78],[216,35],[140,-156],[-6,-73],[58,-88],[-44,-30],[127,-96],[-43,-57],[13,-125],[-50,-93],[31,-85],[-83,-53],[-97,20],[-69,-73],[-7,-49],[-169,-112],[-29,-152],[-133,1],[-36,63],[-24,127],[40,44],[-117,26],[-29,-33],[-226,12],[-8,-38],[141,-23],[0,-94],[-51,-79],[-162,-17],[-41,-180],[-136,-78],[-69,1],[-20,-63],[-88,-8],[-48,-47],[-167,-50],[-144,-77],[-122,32],[-195,-105],[-122,-25],[-16,-31],[-238,-60],[-117,-3],[86,96],[-103,54],[108,135],[58,152],[96,86],[-16,97],[-125,74],[-46,49],[-150,45],[-58,62],[-62,-77],[-92,-57],[-222,-3],[-131,34],[-150,86],[80,138],[-80,54],[168,72],[-36,30],[-155,-73],[-187,61],[-79,111],[-97,17],[115,-171],[249,-103],[-86,-176],[62,-76],[2,-100],[-79,-61],[-272,7],[-141,-43],[-101,89],[-111,35],[-65,64],[61,80],[-35,120],[-68,138],[-191,178],[-82,-47],[111,-51],[-15,-39],[136,-147],[26,-189],[-42,-69],[73,-67],[-99,-33],[-185,29],[-127,1],[-77,104],[-106,47],[12,31],[-104,50],[-42,76],[22,114],[-37,37],[-125,46],[-3,-58],[64,-24],[-54,-172],[95,-132],[-69,-64],[-119,-3]],[[33220,71686],[81,51],[134,20],[57,-75],[-232,-11],[-40,15]],[[34063,72072],[43,88],[111,38],[-12,87],[61,17],[74,88],[86,-26],[49,-61],[-91,-173],[-61,-5],[-77,-73],[-92,-33],[-91,53]],[[35763,72437],[100,-13],[131,-116],[79,-147],[-3,-43],[-87,-20],[-104,8],[-141,65],[-141,103],[26,74],[140,89]],[[24432,72854],[-119,-9],[-108,28],[-53,-17],[-17,-87],[-102,-34],[-98,19],[-12,-56],[42,-36],[26,-96],[-155,-63],[-11,-42],[-127,-37],[-163,-116],[-85,-14],[-10,-40],[-116,0],[-113,-95],[-101,-60],[-189,-34],[-89,-60],[-184,-34],[-154,-52],[-325,-32],[-263,13],[-251,41],[-129,53],[-224,141],[-199,149],[-165,184],[-1,65],[172,141],[184,85],[339,99],[77,-13],[86,50],[154,141],[117,76],[122,49],[201,25],[385,32],[190,-10],[50,-28],[92,0],[112,62],[28,118],[87,-26],[88,56],[21,90],[107,45],[87,59],[6,115],[82,48],[-165,56],[-92,-13],[9,-56],[-117,-144],[-105,-31],[-145,-17],[-116,9],[-50,-48],[-143,20],[-50,-42],[-222,5],[-27,56],[69,33],[58,68],[-82,92],[-40,-54],[18,-74],[-93,-9],[-56,45],[36,114],[-92,21],[-32,-102],[29,-117],[-62,-85],[-173,-64],[-135,-2],[-66,-34],[-231,-4],[-299,-56],[-30,48],[29,158],[135,63],[-136,7],[73,288],[71,82],[130,31],[140,114],[-104,23],[-80,-51],[-187,-52],[-84,188],[-60,17],[-20,-137],[34,-61],[-5,-74],[-74,-226],[-37,-50],[-76,31],[-67,109],[-158,62],[28,-76],[83,-21],[20,-92],[87,-118],[-59,-140],[-79,-103],[-243,-110],[-93,-75],[-122,-31],[-113,71],[-27,171],[36,110],[-24,117],[-44,11],[-31,-110],[-100,-66],[-160,107],[-44,-22],[77,-93],[43,-99],[2,-88],[-128,-94],[-224,90],[-54,52],[-168,64],[96,66],[-124,25],[48,163],[-16,83],[-166,-82],[-48,24],[-156,-154],[-209,70],[-236,45],[-187,71],[-117,101],[37,122],[56,116],[186,220],[133,59],[364,-8],[264,11],[35,19],[152,-25],[87,11],[45,45],[203,119],[310,122],[131,132],[-43,40],[-174,-87],[-190,-17],[-187,-80],[-395,-109],[-606,35],[-57,33],[29,116],[111,177],[101,125],[83,39],[374,3],[74,16],[196,7],[157,47],[44,53],[64,-40],[199,1],[68,44],[76,-15],[79,28],[98,-18],[107,33],[65,46],[-75,31],[-279,-57],[-237,2],[-192,17],[-126,-39],[-175,0],[-318,15],[-137,43],[42,152],[123,23],[62,34],[-44,59],[-105,2],[-35,55],[59,133],[75,82],[82,50],[149,57],[82,7],[254,-24],[193,-1],[76,27],[151,-16],[195,-70],[33,46],[-47,65],[-223,51],[-316,7],[-116,43],[-34,102],[78,49],[-62,72],[154,82],[63,76],[336,86],[193,32],[47,64],[96,8],[-3,-57],[211,22],[248,-64],[91,-126],[-17,-114],[-80,-47],[158,-210],[-50,-26],[56,-89],[131,26],[87,-7],[212,63],[79,76],[88,9],[56,-37],[134,38],[189,-97],[32,-57],[193,-26],[-49,-179],[102,-105],[-11,-40],[212,-63],[101,-18],[21,-46],[163,-71],[62,-73],[-45,-37],[-188,-28],[-143,-73],[34,-50],[157,-60],[61,54],[325,26],[-78,-96],[108,-65],[-44,-45],[105,-73],[-63,-71],[42,-95],[-46,-55],[57,-124],[67,-36],[189,-32],[83,58],[149,42],[85,-23],[109,32],[78,-75],[182,-9],[111,18],[70,-31],[263,-2],[175,-43],[82,20],[251,-91],[1,143],[44,28],[-18,80],[78,41],[-107,189],[-84,91],[-167,71],[-110,1],[-98,62],[-120,12],[24,130],[-69,39],[-111,-70],[-41,3],[-89,80],[123,85],[223,78],[33,51],[112,64],[-20,36],[85,70],[-43,23],[82,66],[-309,245],[-81,46],[-106,-20],[-119,32],[-13,40],[-101,89],[-143,9],[38,102],[-51,169],[95,7],[122,37],[78,80],[202,0],[68,95],[-121,28],[58,41],[50,86],[124,56],[-7,60],[75,123],[-9,50],[102,46],[-9,59],[47,55],[145,49],[122,-3],[224,20],[34,-38],[-72,-98],[64,-28],[99,10],[55,-30],[28,-79],[-84,-125],[-164,-25],[59,-135],[116,-48],[-64,-84],[-8,-81],[98,-42],[-100,-73],[6,-41],[234,-5],[89,-235],[93,-53],[-121,-43],[-13,-50],[106,-16],[-8,-41],[-89,-19],[-118,-65],[4,-91],[-71,-80],[39,-109],[93,16],[98,-17],[101,45],[149,-10],[100,-60],[-10,-43],[85,-44],[-79,-107],[-25,-74],[-104,-23],[-45,-116],[-66,-41],[9,-105],[94,29],[85,113],[30,80],[99,15],[131,50],[109,7],[221,-45],[-51,-43],[-12,-70],[69,-105],[75,-217],[62,127],[-16,26],[90,93],[-92,44],[17,127],[-41,95],[18,92],[48,12],[129,134],[3,46],[81,15],[106,-30],[55,13],[161,-39],[151,-55],[230,-128],[79,-69],[100,-171],[-3,-114],[37,-96],[24,-168],[-23,-106],[-47,-39],[-12,-120],[-124,-50],[-66,-78],[79,-63],[20,-54],[-93,-81],[54,-99],[-78,-131],[-103,-54],[-24,-176],[6,-128],[-111,-11],[-47,-59],[13,-56],[65,-29],[-29,-49],[-93,-15],[-56,-43],[-255,-54],[-131,12],[-73,-39],[6,-57],[-149,-64],[-173,-43],[-235,71],[-14,27],[-126,40],[-18,84],[15,72],[-31,104],[-51,-26],[40,-100],[-144,-73],[-26,-104],[-83,-36],[-228,-47],[-138,44],[6,150],[-65,95],[-127,43],[-135,-40],[-26,-104],[-164,-81],[-155,-41],[-29,-106],[-81,-62],[-91,-24],[-168,34],[-78,-15],[-70,-58]],[[39853,75257],[67,69],[215,28],[-20,49],[99,7],[28,-77],[76,-17],[22,-65],[120,-92],[-111,-138],[81,-24],[104,53],[106,0],[51,-57],[136,-58],[30,-47],[-52,-189],[10,-52],[-70,-61],[-171,-51],[-80,3],[109,-113],[39,71],[170,-3],[85,-152],[-3,-76],[97,-60],[52,-66],[117,17],[17,115],[-41,22],[-8,85],[-85,155],[110,47],[26,122],[115,-46],[89,-115],[244,-184],[-5,-74],[241,146],[87,29],[74,-6],[39,-121],[82,-80],[71,11],[-67,100],[-19,70],[58,15],[43,75],[83,42],[157,-78],[51,-124],[159,-98],[206,-22],[149,-102],[-26,-61],[-152,-48],[56,-38],[95,25],[160,91],[106,22],[137,-21],[77,16],[-117,96],[-152,92],[40,32],[174,55],[54,-11],[128,97],[142,-56],[238,-3],[-29,131],[104,47],[6,49],[191,-14],[134,-29],[40,115],[214,17],[110,135],[64,-10],[98,40],[27,97],[195,-64],[128,-9],[89,-89],[83,-24],[303,31],[228,128],[242,56],[257,-29],[90,-35],[213,6],[133,-20],[117,-50],[181,-35],[-76,-103],[-106,-67],[22,-74],[193,-16],[7,-47],[208,24],[202,43],[98,-48],[75,13],[92,-46],[106,-107],[-28,-63],[-95,-103],[-185,-31],[27,-49],[175,11],[17,20],[160,19],[205,-15],[48,-42],[-26,-45],[31,-74],[114,-22],[-34,-83],[28,-38],[-92,-62],[0,-55],[130,14],[-15,-63],[-127,-168],[-87,-35],[-75,16],[-96,-133],[-15,-50],[-79,-16],[-42,-43],[-127,-3],[-89,-56],[-16,-43],[38,-77],[206,-43],[65,90],[79,-7],[143,67],[181,-49],[-28,-55],[83,-140],[85,-65],[-39,-39],[-112,-14],[-186,-76],[-63,6],[-42,-48],[-152,54],[-69,57],[-96,13],[-28,133],[-59,-24],[9,-94],[95,-114],[-50,-46],[29,-77],[76,-53],[39,-72],[-70,-24],[-9,-68],[47,-65],[-5,-58],[-48,-64],[-183,11],[-56,-52],[-200,1],[-223,50],[-94,0],[-159,-81],[-75,-77],[-84,-19],[-93,-78],[-147,39],[-76,-2],[-289,93],[-37,59],[-81,-83],[-187,20],[-122,79],[-116,159],[-30,111],[30,218],[-5,77],[-161,20],[-85,107],[-74,54],[-49,-69],[103,-164],[99,-37],[-114,-350],[11,-66],[-120,-108],[-49,18],[-157,5],[-310,-104],[-105,10],[-204,-16],[-44,64],[-163,-72],[-62,178],[-67,21],[24,-106],[-43,-79],[-113,-37],[-93,20],[-11,98],[-64,141],[-25,112],[-58,-1],[47,-260],[-89,-96],[-167,-6],[-111,-23],[-133,-5],[27,177],[-77,66],[-29,-136],[-62,-79],[-116,-31],[-209,145],[-69,-13],[154,-149],[-261,-21],[-77,37],[-94,-29],[-134,18],[-36,106],[-50,9],[-14,-100],[-39,-29],[-185,-18],[-32,82],[-89,-53],[-273,20],[-246,43],[-27,88],[29,197],[48,63],[24,145],[35,38],[-79,103],[41,98],[-183,30],[2,-95],[-53,-54],[-20,-149],[-46,-111],[-76,132],[14,123],[-59,4],[-87,-195],[-12,-139],[-100,-107],[-130,21],[-17,-65],[-117,-40],[-164,-19],[-151,1],[-10,129],[-42,-4],[-32,-82],[-114,31],[-103,70],[-68,7],[-143,52],[-77,73],[-35,126],[-43,28],[-56,-93],[-70,32],[29,120],[60,34],[91,141],[11,49],[-59,68],[-42,-92],[-69,-91],[-70,-57],[-40,-69],[-62,17],[-40,-59],[22,-75],[77,-121],[-34,-30],[-175,46],[-68,-5],[-189,64],[71,83],[-42,33],[-102,7],[-24,29],[-177,80],[-25,59],[49,204],[-54,77],[19,71],[-83,64],[-51,177],[144,31],[-68,99],[-61,24],[-102,-2],[-128,160],[31,102],[-12,66],[50,135],[-35,29],[13,103],[48,105],[153,211],[148,73],[-75,50],[77,106],[-127,188],[55,145],[-53,158],[-72,17],[-72,76],[-156,77],[-2,72],[-70,77],[-22,105],[5,106],[-74,71],[-59,118],[-78,33],[-139,201],[37,49],[-30,49],[-200,3],[-85,-77],[-72,-33],[-91,29],[-73,-26],[-24,-66],[110,-60],[-44,-23],[-191,34],[-155,-3],[-50,41],[-344,-4],[-100,20],[-190,-104],[-49,-48],[-111,40],[-138,-6],[-17,128],[75,-23],[157,46],[103,87],[-260,76],[-76,-57],[-72,47],[-312,82],[-103,71],[-83,136],[96,38],[157,-13],[137,150],[-136,-56],[-182,-10],[-128,76],[-49,102],[-110,-4],[-66,59],[10,64],[-163,36],[-109,-22],[-65,17],[-57,77],[112,64],[-71,32],[19,83],[66,-20],[111,-82],[-16,-47],[151,24],[-51,68],[0,60],[-103,107],[-104,-23],[-49,68],[38,86],[122,51],[-106,27],[24,41],[208,-13],[120,5],[45,48],[-9,82],[231,23],[272,43],[88,-30],[130,5],[119,-105],[79,-38],[91,20],[49,-41],[175,-28],[108,26],[101,-32],[37,-105],[85,5],[87,-68],[164,19],[26,76],[268,-53],[34,-109],[137,-89],[22,-57],[71,-21],[18,-79],[87,-1],[-20,-82],[16,-74],[-110,-232],[19,-53],[-139,-96],[0,-95],[63,-8],[230,309],[-1,49],[178,4],[156,-65],[72,43],[90,15],[49,-45],[232,52],[65,64],[92,43],[358,46],[129,-45],[117,-3],[252,-115],[4,-47],[191,-70],[63,-100],[-31,-62],[56,-55],[-154,-30],[-31,30],[-110,-15],[-69,45],[-154,-1],[-197,85],[-108,-24],[5,-35],[192,-83],[230,-16],[29,-48],[159,-3],[147,-52],[171,-11],[131,-52],[128,-17],[160,-74],[358,-47],[50,-16],[76,-120],[-85,-109],[-111,-36],[-278,-39],[-142,25],[-203,-8],[-47,24],[-130,-31],[-277,26],[-65,-11],[-130,45],[-100,2],[-45,61],[-116,39],[-29,-41],[118,-31],[-60,-64],[236,-69],[78,3],[125,-49],[26,-92],[212,19],[192,-47],[11,-60],[-153,-29],[-70,17],[-203,-39],[-186,-16],[-50,-43],[92,-54],[-21,-77],[52,-34],[96,152],[76,-79],[82,72],[121,-3],[3,-102]],[[13151,70236],[-7,-42],[124,-55],[65,-74],[-189,-24],[-24,125],[31,70]],[[13043,70830],[46,-27],[-26,-59],[-80,65],[60,21]],[[12844,70342],[121,-5],[-15,-49],[-106,54]],[[52087,67062],[93,47],[91,-9],[-78,-119],[-67,-13],[-69,23],[30,71]],[[49062,67436],[-91,-24],[-58,-57],[-88,45],[-26,84],[11,60],[66,42],[127,-67],[59,-83]],[[48407,67628],[93,-85],[40,-105],[-96,-69],[-40,16],[-65,173],[68,70]],[[25561,67976],[41,69],[52,-30],[-29,-81],[-64,42]],[[48122,67664],[31,-38],[-43,-101],[-54,33],[44,72],[-85,34],[-43,83],[66,18],[84,-101]],[[44233,67372],[-102,-39],[-5,63],[51,19],[56,-43]],[[43521,67043],[45,75],[40,-84],[-85,9]],[[43299,67198],[-21,59],[98,18],[81,-52],[22,-45],[-37,-85],[-143,105]],[[48912,67240],[-73,106],[58,-3],[15,-103]],[[24956,68407],[127,-3],[-26,-52],[-101,55]],[[35609,68474],[54,51],[54,-48],[-33,-101],[-75,98]],[[34923,68594],[26,-75],[-29,-89],[56,-49],[-71,-173],[-94,32],[-66,-12],[-53,66],[31,70],[50,29],[2,90],[80,94],[68,17]],[[35640,68766],[99,-143],[-101,-53],[-15,162],[17,34]],[[49062,70256],[185,-1],[181,23],[113,-2],[252,-145],[180,-70],[143,-38],[43,-58],[119,-29],[60,-69],[-12,-67],[99,-121],[-30,-38],[90,-109],[156,-17],[9,-80],[60,-80],[72,-55],[-36,-126],[46,-65],[241,-100],[-58,-58],[-1,-82],[60,-60],[-60,-36],[36,-76],[164,-32],[15,-59],[-37,-34],[-18,-98],[-103,-51],[-94,-19],[-167,7],[-80,42],[-230,2],[-227,39],[-123,56],[-232,40],[-287,-23],[-116,19],[-153,-43],[-346,-157],[-215,-121],[-165,-31],[-181,34],[-140,108],[-57,69],[-79,15],[-56,68],[-22,123],[-84,138],[-37,123],[42,184],[-20,65],[31,32],[-13,92],[-81,70],[-135,-4],[-304,78],[-74,126],[29,26],[-42,78],[43,49],[-16,147],[70,61],[-73,90],[12,101],[-35,42],[60,54],[37,74],[-1,90],[-56,89],[141,4],[48,24],[144,4],[82,-28],[29,-41],[125,-86],[54,59],[343,-122],[83,-66],[226,4],[109,-14],[102,15],[10,50],[152,-3]],[[34655,68718],[-34,103],[-36,184],[66,130],[133,88],[59,6],[115,-113],[66,-123],[17,-109],[-81,-194],[-146,-48],[-80,0],[-79,76]],[[34655,69402],[57,10],[81,-111],[-142,5],[-52,47],[56,49]],[[25992,70116],[17,36],[131,25],[187,-19],[33,-75],[-225,-86],[-105,13],[-38,106]],[[33546,71106],[178,90],[157,51],[231,30],[69,-70],[-14,-115],[-93,-115],[-127,-96],[-63,-26],[-43,-77],[-227,-98],[-136,-26],[-166,-4],[-50,-45],[-224,-6],[-46,48],[-190,82],[-37,80],[124,60],[149,42],[85,-5],[-26,74],[145,44],[45,59],[259,23]],[[28005,68715],[-206,183],[-59,110],[6,34],[-92,66],[24,51],[-122,48],[-30,49],[41,41],[-108,93],[25,68],[-101,62],[-90,81],[-56,89],[-157,46],[-24,47],[-137,50],[-126,1],[-3,41],[62,101],[74,67],[162,275],[115,64],[132,23],[153,-8],[160,26],[189,-2],[37,39],[164,40],[243,-37],[112,-116],[123,-70],[67,-79],[63,2],[112,-81],[53,-116],[-27,-131],[-34,-60],[24,-106],[-16,-131],[-32,-94],[-42,-48],[-43,-124],[-57,-61],[26,-44],[-66,-26],[-13,-45],[-82,-97],[-27,-149],[-151,-137],[-45,-81],[-18,-120],[-61,-5],[-114,100],[-28,71]],[[49593,41945],[-65,-53],[-19,31],[43,47],[41,-25]],[[49125,41818],[56,130],[111,41],[63,49],[94,15],[-16,-81],[-87,-56],[-3,-37],[-62,-10],[-95,-69],[-61,18]],[[55989,42331],[-48,101],[59,97],[24,-57],[-35,-141]],[[59314,44269],[34,0],[27,-63],[-13,-32],[16,-92],[-38,0],[-47,166],[21,21]],[[59201,44126],[-43,36],[11,38],[56,68],[71,-155],[-14,-22],[-81,35]],[[59314,44316],[-31,-67],[-43,35],[23,42],[51,-10]],[[59591,43890],[92,16],[32,32],[174,29],[59,-58],[81,7],[27,-28],[80,-11],[-52,-88],[52,-21],[34,19],[27,-47],[-64,-119],[40,-63],[-11,-65],[-35,-45],[5,-86],[-41,-43],[-10,-84],[-47,-66],[-109,41],[27,115],[-77,-5],[-149,215],[-82,66],[-19,36],[-80,69],[-13,121],[59,63]],[[34019,57493],[-85,50],[50,54],[48,-47],[-13,-57]],[[21355,57559],[-98,-14],[-55,13],[-94,-11],[31,60],[70,-48],[146,0]],[[23674,57591],[39,61],[59,-36],[-100,-88],[2,63]],[[25729,57634],[3,-54],[-69,-6],[-88,37],[50,50],[30,-56],[62,-16],[12,45]],[[21776,57604],[30,53],[79,5],[14,-41],[-123,-17]],[[25095,57729],[58,18],[45,-30],[90,54],[41,-29],[-27,-84],[43,-40],[-39,-78],[-52,-45],[-37,55],[-44,109],[-78,70]],[[25983,57653],[-17,-80],[-66,-26],[-64,107],[56,103],[40,26],[63,-42],[-12,-88]],[[59720,57795],[-45,-76],[-56,14],[27,94],[74,-32]],[[21211,57732],[-33,-37],[-74,-5],[-20,33],[127,9]],[[24126,57868],[73,72],[-2,-91],[-71,19]],[[26096,57847],[34,23],[-20,117],[22,55],[64,-43],[66,-13],[-32,-67],[-67,-68],[37,-58],[-93,3],[-11,51]],[[24957,57949],[37,-51],[-46,-106],[-86,86],[-14,52],[49,74],[60,-55]],[[33088,57952],[53,67],[26,-68],[-20,-105],[-68,26],[9,80]],[[59481,57944],[34,45],[55,10],[17,-107],[-91,22],[-15,30]],[[24416,58043],[-29,-79],[-82,-41],[12,73],[99,47]],[[33181,57945],[30,76],[46,-56],[-76,-20]],[[25788,58042],[-11,-49],[-80,-23],[32,78],[59,-6]],[[59443,58144],[68,8],[-2,-67],[-47,-20],[-19,79]],[[59430,58175],[25,-109],[-75,-29],[-29,37],[-7,113],[46,27],[40,-39]],[[59203,58046],[9,-85],[-36,-70],[-40,34],[34,90],[33,31]],[[24549,58074],[-33,-45],[-62,36],[89,98],[6,-89]],[[28772,58125],[-40,25],[95,94],[13,-144],[-62,-44],[-6,69]],[[26392,58154],[-26,45],[50,36],[37,-72],[-61,-9]],[[58581,58199],[-83,-34],[-18,61],[93,46],[8,-73]],[[52685,58265],[-19,45],[82,35],[7,-100],[-70,20]],[[26468,58265],[18,42],[95,-15],[-92,-70],[-21,43]],[[57929,54148],[-36,-43],[-45,56],[18,32],[63,-45]],[[58392,54511],[-16,65],[75,-21],[1,-67],[-60,23]],[[44928,55147],[31,-35],[-28,-115],[-36,0],[38,110],[-5,40]],[[61989,55542],[-9,-59],[-61,-2],[-6,59],[30,66],[46,-64]],[[58371,54403],[-61,10],[-19,41],[31,45],[46,-6],[58,-66],[-55,-24]],[[58344,54326],[35,16],[80,-40],[32,-59],[95,-30],[68,-66],[4,-74],[-64,-3],[-38,39],[-112,31],[29,72],[-45,45],[-68,31],[-16,38]],[[58344,54177],[-76,133],[65,1],[46,-93],[-35,-41]],[[61947,53929],[101,83],[50,-54],[11,-84],[-88,19],[-74,36]],[[45738,53865],[-81,2],[-55,85],[-97,33],[-11,60],[29,37],[-9,86],[155,-113],[7,-65],[104,33],[0,-54],[-42,-104]],[[45189,53630],[18,69],[60,-43],[-56,-65],[-22,39]],[[44424,53750],[-20,71],[47,10],[47,-78],[-74,-3]],[[26299,56244],[16,-97],[-36,-32],[-27,110],[47,19]],[[60918,56358],[7,33],[159,-4],[98,-114],[-39,-59],[-241,13],[-70,25],[60,52],[26,54]],[[35347,56975],[-56,-53],[-34,17],[22,74],[68,-38]],[[25686,57034],[34,-19],[5,-65],[-42,-34],[-24,83],[27,35]],[[25660,56720],[-34,129],[24,36],[128,-104],[7,-97],[-46,-3],[-79,39]],[[26073,56720],[35,-42],[-12,-44],[18,-111],[-20,-59],[-54,-48],[-35,11],[-19,167],[83,48],[4,78]],[[25885,56720],[47,-41],[-14,-70],[-85,16],[15,65],[37,30]],[[60662,56720],[-9,97],[50,71],[17,132],[47,-26],[9,-62],[95,-100],[30,-72],[-17,-44],[-97,-22],[-101,-4],[-24,30]],[[25940,56720],[-23,107],[26,5],[-17,168],[25,108],[78,-29],[40,-107],[19,-146],[-43,15],[-58,-39],[16,-96],[-63,14]],[[34278,57106],[-15,61],[82,-21],[29,23],[4,82],[52,-12],[13,-91],[-11,-61],[-52,-59],[-81,-35],[-41,65],[20,48]],[[61374,55582],[19,90],[78,-149],[-69,-7],[-28,66]],[[61378,55740],[66,42],[69,-29],[29,-77],[-7,-65],[-87,25],[-70,104]],[[26127,55483],[6,147],[41,-9],[-11,-182],[-36,44]],[[26018,55518],[12,-45],[-45,-67],[-37,107],[-12,139],[48,-48],[-15,-37],[49,-49]],[[62068,55858],[50,-12],[33,34],[62,-55],[-75,-43],[-89,-23],[-28,48],[47,51]],[[26342,56107],[30,-76],[29,-11],[70,-116],[82,-22],[8,-55],[-150,-27],[-57,87],[-56,167],[44,53]],[[61808,56011],[17,18],[97,-17],[45,-26],[-56,-91],[-124,-85],[-23,-89],[-84,-23],[-19,-83],[-50,47],[42,167],[62,19],[18,80],[75,83]],[[25203,57345],[-58,-49],[-46,36],[7,47],[70,20],[27,-54]],[[35486,57427],[-64,-53],[-87,3],[122,109],[29,-59]],[[52387,57383],[-49,59],[-113,228],[-26,109],[-4,85],[29,111],[114,12],[129,-18],[-2,63],[46,55],[-9,51],[43,84],[101,-92],[-9,-61],[-42,-79],[95,-32],[31,18],[50,-44],[128,-66],[79,-74],[47,50],[139,9],[106,-87],[-7,-119],[68,-177],[-20,-91],[-50,-76],[-51,-2],[-72,31],[-165,-7],[-150,31],[-138,-25],[-87,-34],[-117,30],[-94,58]],[[19033,63438],[-13,-23],[-107,-7],[-62,15],[-69,-36],[-41,13],[-65,79],[48,33],[108,-13],[21,-50],[180,-11]],[[19692,63402],[72,107],[73,-20],[-22,-72],[-123,-15]],[[10157,63493],[-24,-62],[-138,2],[37,179],[130,-96],[-5,-23]],[[19138,63449],[95,22],[54,-47],[165,-39],[-14,-45],[-71,-1],[-59,48],[-175,34],[5,28]],[[4159,59848],[54,-58],[-78,-32],[-116,71],[-75,64],[14,50],[106,28],[63,-62],[32,-61]],[[4265,60027],[49,7],[64,-64],[-62,-54],[-27,-54],[6,-78],[-68,-1],[-71,80],[-73,110],[150,5],[32,49]],[[3853,60027],[67,7],[39,-120],[-55,0],[-51,113]],[[3957,59976],[-16,54],[23,53],[65,-42],[52,-64],[-124,-1]],[[3939,60192],[-82,25],[-83,117],[7,65],[168,-156],[-10,-51]],[[4003,60549],[44,-70],[71,-68],[27,-107],[108,-147],[79,-65],[-115,-83],[-43,0],[-9,86],[-110,82],[-63,4],[-36,133],[-20,140],[67,95]],[[1473,61416],[127,-30],[53,-40],[41,-74],[-95,11],[-55,-52],[-40,-72],[-93,63],[-26,92],[88,102]],[[5558,60763],[19,-75],[-35,-46],[-56,35],[20,74],[52,12]],[[5604,61224],[-65,-19],[-34,55],[67,85],[89,-44],[-57,-77]],[[4312,61363],[72,47],[-36,-141],[-42,-40],[-41,67],[47,67]],[[4482,60816],[44,-70],[-32,-76],[-87,106],[45,84],[30,-44]],[[4375,60858],[48,-6],[-19,-77],[-86,27],[1,57],[56,-1]],[[7936,61151],[69,-54],[-14,-68],[40,-93],[-79,-13],[3,85],[-26,36],[7,107]],[[4497,61048],[-33,79],[101,-20],[-68,-59]],[[6662,59618],[-61,49],[73,28],[-12,-77]],[[9459,61850],[-79,32],[31,39],[35,121],[72,76],[6,-134],[-44,-19],[-21,-115]],[[49223,58435],[25,-90],[-34,-48],[-79,11],[46,120],[42,7]],[[23113,58466],[146,71],[24,-49],[-83,-15],[-43,-62],[15,-54],[-87,-42],[-44,105],[72,46]],[[58369,58493],[51,-3],[74,-51],[-13,-44],[-87,57],[-25,41]],[[28376,58512],[43,-4],[17,-114],[-33,-3],[-58,94],[31,27]],[[28426,58515],[90,56],[22,-58],[-30,-86],[-62,9],[-20,79]],[[32161,58536],[79,52],[41,-41],[1,-87],[-82,9],[-39,67]],[[24680,58192],[-47,-39],[-49,46],[63,42],[33,-49]],[[58815,58328],[58,27],[40,57],[39,-9],[-56,-111],[8,-96],[-58,-49],[-126,57],[-128,16],[-1,62],[115,40],[109,6]],[[48990,58375],[-69,-53],[-43,-93],[-78,-19],[-88,132],[7,218],[31,58],[121,-4],[50,-18],[93,-130],[-24,-91]],[[50255,56720],[5,85],[-21,148],[5,62],[-23,71],[-2,143],[45,180],[88,261],[105,246],[23,104],[65,82],[40,98],[119,185],[74,53],[114,39],[90,51],[49,-29],[133,-30],[33,5],[66,93],[57,9],[108,-20],[121,-60],[84,-75],[92,-37],[135,-19],[70,-37],[20,-94],[51,-46],[14,-106],[-23,-81],[-1,-88],[-79,-153],[0,-129],[64,-224],[-3,-158],[12,-299],[-48,-197],[-42,-122],[-81,-83],[-121,-152],[-69,-4],[-31,-83],[-69,-19],[-187,-122],[-95,9],[-54,-21],[-45,21],[-59,-16],[-77,23],[-50,-34],[-106,-25],[-146,-51],[-80,24],[-155,22],[-65,38],[-40,79],[5,54],[-40,77],[-12,108],[-47,100],[1,115],[-17,29]],[[42700,58292],[110,186],[41,2],[140,-124],[35,-91],[-20,-80],[13,-165],[25,-109],[2,-123],[25,-55],[0,-85],[-24,-119],[-56,-203],[-64,-85],[-47,-27],[-113,94],[-47,-1],[-57,80],[-70,227],[1,54],[67,79],[22,65],[-5,70],[-50,18],[-52,93],[17,73],[51,3],[10,122],[46,101]],[[26896,58507],[-66,40],[48,98],[29,-34],[-11,-104]],[[58426,58557],[-59,42],[76,60],[76,-50],[-23,-35],[-70,-17]],[[54367,64493],[38,49],[71,25],[35,-43],[237,-78],[126,-2],[11,-45],[-49,-166],[-163,-28],[-153,-94],[-64,-22],[-47,-68],[-135,-11],[-5,83],[-61,61],[-18,97],[80,-18],[66,78],[38,130],[-7,52]],[[42054,64531],[57,-12],[14,-61],[-68,5],[-3,68]],[[29816,63714],[8,-104],[-68,-6],[3,97],[57,13]],[[21912,62899],[82,31],[125,-49],[-58,-40],[-127,33],[-22,25]],[[22738,62899],[-83,54],[-5,61],[125,-19],[101,-56],[66,-15],[50,-44],[-75,-46],[-179,65]],[[31622,62899],[45,53],[76,-63],[-43,-98],[-78,108]],[[31792,63501],[72,172],[83,33],[81,-119],[126,-53],[-46,-48],[4,-61],[-46,-40],[51,-51],[-44,-55],[-132,54],[-103,75],[-46,93]],[[57117,62580],[41,69],[54,-44],[-17,-73],[-78,48]],[[42413,62257],[-65,36],[-7,77],[-72,57],[75,49],[72,-16],[144,55],[25,-54],[97,-17],[50,-36],[101,79],[48,-15],[76,-150],[-9,-42],[45,-57],[-48,-36],[-98,-23],[-141,4],[-95,34],[-20,41],[-70,-42],[-65,10],[-43,46]],[[54955,64551],[-1,62],[71,88],[92,20],[-58,-113],[-104,-57]],[[53496,65147],[-56,7],[-53,52],[5,105],[-88,168],[-13,75],[188,87],[63,-64],[-50,-117],[58,8],[46,89],[39,-8],[45,-115],[47,-70],[-74,0],[-92,-70],[16,-128],[35,-70],[-78,-16],[-38,67]],[[53579,65672],[16,117],[131,64],[78,8],[36,-36],[11,-98],[-29,-97],[-44,-49],[-83,8],[-116,83]],[[53285,65753],[-6,29],[145,158],[57,-48],[-86,-43],[-30,-58],[-22,-132],[-83,-9],[-11,71],[36,32]],[[52394,65986],[12,35],[82,7],[-10,-57],[-84,15]],[[35050,65048],[13,-118],[-31,-61],[-57,55],[2,84],[73,40]],[[33094,65127],[39,66],[58,-39],[2,-90],[-85,19],[-14,44]],[[44240,65285],[58,-25],[-32,-90],[-51,15],[25,100]],[[34655,65995],[36,69],[116,13],[-43,-79],[-79,-27],[-30,24]],[[25875,66702],[36,68],[60,-87],[-20,-58],[-56,5],[-20,72]],[[35946,66152],[-18,102],[50,34],[55,-11],[28,-72],[-36,-134],[-114,-39],[-21,52],[56,68]],[[30221,68495],[61,116],[-7,68],[43,77],[17,108],[110,91],[54,-11],[86,31],[132,-1],[37,-59],[56,10],[25,-64],[103,-63],[-38,-68],[95,-116],[104,-41],[123,-218],[100,-27],[-68,-113],[218,-59],[38,-27],[80,7],[107,42],[-9,43],[50,59],[74,-84],[52,65],[54,14],[66,-41],[99,152],[-14,71],[-44,50],[-12,81],[-44,59],[34,50],[-55,97],[4,56],[111,46],[23,-39],[-97,-81],[41,-72],[104,-13],[-87,-132],[88,-21],[79,35],[28,71],[59,33],[-16,47],[-113,74],[47,34],[0,82],[-78,18],[45,80],[-71,27],[-5,75],[-105,-41],[-32,-86],[-58,5],[16,71],[-75,93],[90,136],[20,87],[135,54],[77,-106],[160,-100],[22,56],[-102,89],[-63,78],[-35,89],[-59,83],[-94,-28],[42,-79],[-154,-27],[-35,-58],[-250,-32],[-99,70],[12,58],[-91,9],[-129,77],[-10,85],[-109,29],[-45,66],[-58,7],[-6,69],[45,28],[52,117],[146,23],[18,90],[40,20],[170,-39],[84,16],[30,-101],[58,-28],[10,-63],[61,-95],[127,-54],[-85,117],[0,33],[69,137],[-30,60],[-57,-12],[-217,67],[51,62],[-176,101],[-43,75],[96,39],[-7,111],[79,36],[180,25],[31,48],[81,26],[131,-54],[89,-78],[69,5],[109,-86],[52,37],[20,84],[72,43],[-17,58],[-207,-87],[-58,12],[-74,68],[32,109],[148,65],[145,8],[97,-29],[-46,-76],[99,-120],[182,-42],[79,-64],[44,-68],[80,-63],[69,25],[159,18],[114,-6],[31,28],[155,53],[158,9],[154,36],[164,81],[24,85],[77,47],[61,-27],[89,2],[80,-28],[38,-53],[216,-10],[128,-213],[79,-57],[7,-84],[-25,-133],[-170,-103],[1,-54],[-216,42],[-33,-54],[42,-54],[-75,-30],[-65,59],[-40,-163],[52,-37],[46,55],[107,-8],[76,-37],[82,31],[26,-60],[-54,-56],[84,-79],[-35,-74],[-111,3],[-92,-20],[-77,-41],[-113,-12],[-54,-64],[-73,-29],[-6,-85],[-48,-27],[-36,-95],[-182,-145],[-24,-88],[-135,-99],[-70,-20],[41,-86],[47,-155],[99,164],[111,76],[140,26],[42,23],[321,-89],[169,-130],[-6,-211],[89,-119],[56,-21],[46,-93],[-30,-77],[-75,-49],[-33,-106],[75,-64],[41,59],[151,123],[171,34],[34,92],[71,-64],[-67,-65],[89,-65],[27,-59],[7,-122],[94,-196],[-4,-76],[26,-92],[-105,-19],[-26,-84],[-114,-57],[-53,-70],[7,-81],[92,-6],[-25,-91],[40,-8],[38,-255],[-24,-70],[-55,0],[-171,-65],[133,-53],[36,39],[76,11],[13,-41],[-21,-137],[-89,-6],[-84,-43],[41,-59],[82,58],[61,-6],[-13,-102],[-37,-121],[-139,-81],[-32,59],[-69,-44],[-103,-28],[-32,-106],[-57,-94],[-243,-162],[-88,-31],[-126,25],[-98,67],[-64,-14],[-65,20],[-113,-33],[-69,0],[-92,109],[-51,117],[23,143],[41,45],[-52,42],[-105,-180],[-7,-84],[81,-36],[7,-142],[44,-27],[72,-113],[69,-57],[-5,-38],[67,-38],[-109,-230],[-63,-29],[-115,-140],[-27,-53],[-75,-62],[-77,16],[-32,-46],[-93,44],[-93,144],[-17,54],[-52,1],[-38,-73],[-126,-9],[-47,116],[-20,153],[-42,78],[8,146],[-155,86],[-46,93],[-7,102],[-36,55],[-13,77],[-66,41],[-44,61],[-19,86],[-78,10],[-108,48],[-4,52],[-55,82],[-83,42],[-54,72],[-3,85],[-96,71],[-14,138],[-118,102],[-53,63],[-70,9],[-147,-39],[-42,54],[-121,235],[-78,45],[-81,-114],[-21,-76],[-48,14],[-97,93],[-144,3],[-106,145],[27,32],[-52,72],[13,34],[-26,150],[-121,61],[-100,33],[-95,106],[-59,16],[-59,80],[-79,53],[-62,79],[-38,150],[-4,147],[54,68]],[[35589,69079],[96,54],[33,-47],[133,31],[-40,39],[-19,202],[6,91],[-33,141],[20,70],[-58,135],[12,108],[37,102],[-35,98],[73,39],[-20,41],[-88,23],[23,76],[-29,38],[51,111],[200,83],[36,-33],[85,-1],[52,-52],[27,-79],[82,-49],[170,-68],[51,71],[-85,1],[-48,135],[-59,15],[-105,131],[102,62],[-1,40],[-104,-11],[-16,-43],[-109,108],[-35,79],[36,169],[212,107],[196,86],[221,37],[91,49],[174,35],[188,14],[68,-137],[73,4],[-13,89],[30,84],[117,32],[174,-8],[89,-24],[175,-21],[223,-63],[117,-49],[217,-131],[28,-42],[4,-152],[90,-11],[58,75],[131,81],[295,27],[55,-36],[219,3],[209,-55],[53,6],[55,-48],[77,12],[82,-63],[153,-72],[76,39],[103,-77],[-58,-105],[-43,46],[-60,-24],[22,-123],[-133,-256],[-119,-148],[-91,-146],[-51,-27],[-111,-15],[49,-70],[-8,-52],[-61,-77],[-84,-149],[-126,-261],[-96,-36],[-74,2],[13,-63],[103,-17],[-125,-256],[-95,-153],[-7,-57],[-108,-177],[-28,-86],[-127,-153],[-53,-87],[-123,-96],[-104,-31],[-285,84],[-102,-1],[-111,46],[-100,15],[-38,45],[-67,-22],[-51,72],[-219,-69],[-86,5],[-226,-18],[-96,-40],[-69,27],[-105,7],[-25,-100],[177,1],[27,-44],[92,6],[134,-15],[-20,-96],[23,-52],[90,-30],[62,-69],[73,-131],[33,-194],[-74,-42],[-48,-151],[-30,-44],[-120,-31],[-30,-27],[-20,-102],[-132,-239],[-4,-142],[-62,-84],[-36,21],[-74,-66],[102,-26],[25,-83],[-124,47],[-52,-7],[-79,48],[-83,-19],[-138,3],[-98,-42],[-253,-56],[-39,15],[-27,71],[21,136],[-4,71],[34,131],[-34,28],[12,244],[-35,54],[51,63],[-27,171],[-39,51],[96,38],[-65,155],[-65,6],[-47,172],[-8,77],[-139,75],[-59,80],[43,154],[-71,-3],[-22,39],[3,143],[22,128],[23,15],[-72,134],[49,65],[3,99],[-82,-38],[-22,63],[-71,53],[7,41]],[[13597,65556],[-48,31],[-28,112],[-84,164],[-181,163],[-145,73],[-198,59],[-186,120],[-224,156],[-81,77],[85,0],[60,32],[-169,31],[-152,-14],[-143,-33],[-136,-13],[-3,42],[81,105],[17,151],[-51,102],[67,94],[-2,130],[132,60],[26,85],[-17,69],[79,78],[61,231],[119,70],[102,112],[77,31],[-122,132],[113,108],[-31,67],[29,69],[-71,214],[-63,35],[232,48],[75,5],[129,61],[91,19],[29,40],[-190,204],[-71,-17],[-48,46],[-39,87],[19,56],[82,7],[-34,72],[22,42],[77,-7],[-2,56],[116,165],[-30,66],[67,166],[65,27],[-17,103],[80,92],[16,58],[131,16],[65,167],[32,29],[-50,64],[1,99],[126,80],[42,4],[55,167],[-38,30],[4,68],[-68,26],[-15,46],[-88,-14],[-76,18],[-52,45],[7,144],[-140,167],[3,88],[-59,47],[-22,64],[49,68],[-93,161],[-37,146],[-100,11],[70,59],[-115,31],[-18,31],[125,47],[415,84],[461,53],[181,37],[336,41],[42,-12],[191,12],[195,30],[225,84],[147,-9],[-23,56],[92,33],[144,18],[140,-38],[123,-7],[92,-33],[42,-87],[120,-117],[195,-123],[85,-34],[194,-138],[18,27],[187,-80],[107,-2],[63,-47],[116,-14],[43,-52],[-21,-75],[-84,-100],[4,-56],[105,41],[89,122],[-8,45],[164,29],[130,-6],[48,-30],[-8,-92],[40,-41],[-16,-149],[-51,-26],[-31,-150],[165,20],[63,119],[54,42],[27,109],[-75,32],[-2,67],[71,73],[228,76],[181,45],[82,34],[138,-4],[247,-68],[37,10],[185,-69],[217,-137],[144,-133],[220,-183],[289,-316],[199,-186],[215,-218],[140,-53],[27,-89],[147,-140],[39,-55],[12,-119],[-91,-40],[-27,-66],[-70,-18],[-75,-87],[-44,-1],[-92,-90],[-319,-102],[-71,-47],[-139,-35],[-68,-57],[-81,-23],[-67,-89],[-101,-40],[-90,-87],[-166,-72],[-24,-62],[-164,-19],[-167,-139],[-61,-24],[-119,-124],[-137,-82],[-102,-35],[-150,-96],[-66,-58],[-3,-56],[-50,-33],[-158,-28],[-119,-81],[-92,-93],[-103,-47],[-42,-137],[14,-81],[-61,-73],[-55,-216],[10,-107],[-115,-90],[-60,-17],[-105,-73],[-116,-128],[-296,30],[43,82],[-98,-15],[-7,-65],[46,-26],[46,-178],[-32,-129],[-55,-99],[-138,-163],[-18,-46],[46,-139],[-49,-313],[60,-93],[-33,-79],[-8,-87],[-38,-127],[-44,-70],[-121,-115],[-99,-50],[-167,-60],[-186,-90],[-93,-24],[-128,68],[17,27],[-48,95],[-85,-5],[-73,-44],[-96,-93],[-131,-242],[-148,-92],[-167,-69],[-134,-104],[-84,-115],[-23,-58],[-54,-22],[-128,11],[-82,-20],[-181,193],[-79,120],[-58,240],[-27,147],[-38,59],[-28,154],[-101,60]],[[40022,60485],[78,33],[-16,-124],[-62,91]],[[57826,59837],[-86,-76],[-39,48],[125,28]],[[20897,59810],[103,-31],[-35,-41],[-68,72]],[[40196,59978],[78,30],[1,-163],[-73,63],[-6,70]],[[44075,60055],[-44,12],[-5,60],[80,-21],[-31,-51]],[[32247,60290],[41,-74],[50,-189],[1,-88],[-39,-42],[-90,33],[-46,39],[-34,148],[30,32],[-7,63],[94,78]],[[43854,60190],[-6,35],[70,30],[40,-70],[-104,5]],[[39987,60245],[65,57],[46,-53],[-28,-69],[-65,0],[-18,65]],[[30961,60422],[62,90],[102,-9],[-22,-66],[58,-60],[-70,-133],[-104,-2],[75,90],[-101,90]],[[39642,60621],[-58,42],[-15,57],[68,110],[56,20],[70,-65],[22,-109],[66,-51],[-1,-96],[-49,-56],[-62,-23],[-36,36],[-13,84],[-48,51]],[[50171,60519],[-24,136],[41,105],[-12,173],[123,65],[101,-7],[79,-86],[205,36],[38,-54],[0,-74],[-40,-103],[-99,-126],[-64,-61],[-15,-71],[32,-33],[-49,-47],[-81,-30],[-43,-46],[-86,18],[-49,33],[-57,172]],[[57929,61136],[-84,20],[-39,-19],[-63,77],[96,34],[50,37],[18,68],[104,-50],[37,-75],[-167,-34],[48,-58]],[[39375,61354],[41,1],[-60,-126],[-51,1],[-11,58],[34,61],[47,5]],[[34804,61262],[-8,88],[67,-33],[5,-54],[-64,-1]],[[39919,60954],[128,14],[35,-176],[-67,-87],[-12,-109],[-94,-1],[-21,96],[-42,9],[-52,75],[4,70],[100,49],[21,60]],[[46569,60803],[27,41],[-29,46],[36,59],[204,-42],[74,-5],[41,-124],[-47,-20],[-86,4],[-49,104],[-50,-22],[-9,-62],[-68,-16],[-44,37]],[[47954,60821],[-29,79],[93,-25],[-25,-76],[-39,22]],[[46292,61116],[73,-9],[143,-76],[-37,-49],[-168,97],[-11,37]],[[49062,61217],[167,215],[40,19],[72,-19],[10,125],[111,11],[55,117],[35,-9],[115,-108],[32,-136],[-104,-130],[-138,-39],[-96,-78],[-70,-35],[-28,-54],[-112,64],[-40,-58],[-72,-47],[-60,6],[2,69],[81,87]],[[35209,60940],[-71,101],[-89,29],[-76,167],[-58,57],[31,25],[68,-62],[110,13],[45,23],[68,-112],[55,66],[76,22],[32,-50],[16,-214],[-45,-23],[27,-71],[-33,-120],[-96,80],[-60,69]],[[46846,61044],[-136,78],[55,41],[75,-90],[108,-39],[-29,-54],[-73,64]],[[35565,61355],[59,40],[69,-15],[222,-119],[85,-112],[-40,-103],[5,-140],[-95,-151],[-33,18],[-66,-35],[-40,41],[-9,83],[65,64],[-44,62],[-1,101],[26,25],[-31,126],[-91,58],[-34,-20],[50,-99],[22,-101],[-40,-56],[-23,-131],[-42,-52],[-48,16],[-15,57],[30,48],[-30,60],[-18,102],[34,44],[33,189]],[[31330,60862],[14,99],[35,27],[-29,156],[-42,-29],[-69,91],[36,110],[77,-18],[17,-69],[84,9],[43,-31],[2,-69],[47,-26],[26,-77],[-93,-22],[4,-62],[-45,-65],[-65,4],[-42,-28]],[[46153,61130],[15,77],[142,-23],[-25,-65],[-132,11]],[[44262,59521],[-67,57],[61,41],[31,-47],[-25,-51]],[[51932,59471],[62,-40],[-6,-54],[-64,-3],[8,97]],[[57388,59544],[84,-17],[103,-68],[142,-34],[57,-61],[-121,14],[-221,86],[-75,47],[-109,32],[62,39],[78,-38]],[[40196,59605],[110,-33],[61,-85],[-50,-72],[2,-61],[-39,-39],[-44,45],[-70,136],[30,109]],[[52665,58387],[-68,45],[-11,60],[53,48],[-85,46],[-65,172],[24,89],[70,-7],[64,-78],[52,-128],[50,-51],[-61,-188],[-23,-8]],[[31745,58780],[49,-43],[-17,-49],[-72,73],[40,19]],[[28449,59122],[76,-1],[167,-52],[81,-69],[64,-89],[10,-50],[-22,-111],[-39,-37],[-93,-20],[-140,59],[-82,76],[-33,5],[-62,85],[-29,83],[-4,75],[106,46]],[[49062,59042],[26,-61],[79,-33],[-16,-50],[-61,-74],[-83,-49],[-36,94],[-73,10],[14,96],[56,-4],[33,85],[61,-14]],[[23912,58917],[-19,-26],[-117,-11],[-66,-33],[-116,66],[35,43],[162,94],[35,-5],[86,-128]],[[21355,59119],[-20,61],[112,-24],[-35,-47],[-57,10]],[[51833,59410],[45,-73],[141,13],[34,-121],[15,-139],[70,-102],[62,-28],[-3,-129],[-52,-26],[1,-43],[80,-7],[22,-52],[-68,-29],[16,-74],[-39,-63],[-102,21],[-30,34],[-25,94],[-66,52],[-114,55],[-50,96],[-53,42],[-25,59],[21,106],[-9,65],[41,91],[34,125],[54,33]],[[24036,59024],[-63,-52],[-95,38],[-34,60],[122,21],[64,-29],[6,-38]],[[57529,59194],[90,5],[22,-30],[84,39],[-6,-68],[-34,-26],[-102,33],[-54,47]],[[49062,59282],[52,1],[109,-78],[64,-17],[-26,-146],[-98,5],[-47,35],[-17,62],[-71,42],[-79,75],[43,30],[70,-9]],[[52110,59146],[-6,32],[67,116],[46,18],[88,-47],[-19,-99],[84,-34],[29,-79],[-80,16],[-88,-21],[-72,19],[-49,79]],[[30775,59195],[-60,-31],[-50,4],[-39,71],[-57,-5],[-41,70],[-47,35],[209,166],[47,128],[95,-7],[144,-122],[17,-41],[-16,-103],[16,-73],[-30,-55],[-51,-28],[-30,-86],[-80,-8],[-27,85]],[[30221,59699],[55,-25],[-24,-57],[-66,44],[35,38]],[[31849,59810],[32,89],[-25,40],[-3,78],[80,109],[135,-41],[13,-107],[23,-52],[118,-110],[-41,-98],[-8,-125],[-71,-59],[-58,-147],[-71,96],[10,78],[-65,8],[-14,-55],[-67,24],[12,108],[0,164]],[[48564,59810],[-8,37],[63,104],[56,170],[16,87],[128,28],[30,42],[52,-26],[39,73],[47,25],[-3,120],[63,111],[40,34],[59,-27],[35,23],[-86,78],[8,95],[61,57],[64,5],[50,40],[40,-24],[120,-22],[14,-92],[37,-80],[-69,-89],[-32,-93],[-103,32],[-2,-135],[-60,-37],[1,-122],[-48,-43],[-26,-62],[-63,-75],[-1,-89],[-77,-75],[3,-46],[-80,-12],[-57,-38],[-143,-60],[-33,-61],[-116,50],[-19,97]],[[35699,59763],[43,-24],[23,-67],[102,7],[103,117],[59,20],[38,-20],[30,-91],[-22,-98],[-119,-89],[-93,-182],[-19,154],[-43,29],[-54,-57],[-78,26],[-25,-109],[-41,-110],[0,-109],[-89,51],[-117,-163],[-85,-75],[-49,-108],[-51,14],[-47,-46],[-154,-3],[-218,149],[-85,26],[-60,112],[-43,-19],[33,-97],[-55,-51],[-166,72],[-87,6],[-110,74],[-110,173],[-66,-15],[-37,39],[-109,47],[-88,-3],[-137,177],[55,48],[-9,87],[-90,47],[-49,-5],[23,-96],[-7,-101],[-66,-42],[-46,27],[-10,59],[-64,31],[-46,-23],[-113,103],[-18,111],[32,93],[-87,64],[-88,4],[26,-86],[-58,-34],[28,-72],[-47,-7],[-69,-78],[-70,90],[-93,26],[-30,38],[-19,176],[-44,6],[-41,85],[30,139],[36,75],[188,68],[139,-26],[76,33],[35,62],[72,-24],[73,22],[45,78],[-9,89],[26,67],[98,22],[34,36],[75,-25],[19,68],[-41,44],[6,47],[-78,34],[-58,77],[-4,80],[71,32],[-66,172],[31,78],[145,-42],[108,-159],[16,-44],[70,-20],[63,-88],[42,34],[-33,45],[-110,81],[-39,146],[-67,34],[-22,74],[17,231],[29,31],[40,122],[99,42],[40,155],[50,44],[94,-32],[157,-114],[1,-55],[202,-123],[-3,-51],[49,-90],[-49,-28],[-45,-72],[58,-67],[37,10],[20,120],[76,2],[55,-27],[51,-58],[1,-117],[43,-19],[12,-57],[125,-111],[88,-20],[78,-116],[61,21],[85,-117],[145,-106],[96,-148],[-29,-96],[12,-52],[-29,-107],[38,-249],[34,4],[-12,116],[24,88],[-25,66],[80,85],[83,-115],[10,-70],[-15,-124],[-27,-20],[113,-214],[-8,-186],[94,7]],[[57290,61313],[55,5],[108,159],[83,18],[62,-39],[37,78],[86,-68],[21,-45],[-92,-66],[-63,-184],[-66,3],[-148,103],[-83,36]],[[30561,61613],[26,41],[53,-19],[22,-152],[-45,-27],[-49,53],[-7,104]],[[38919,61658],[8,39],[113,15],[-38,-102],[-83,48]],[[34418,62005],[-21,-24],[-90,72],[23,88],[111,-61],[-23,-75]],[[47954,61752],[23,-66],[110,-40],[85,1],[68,30],[77,121],[40,15],[97,-37],[71,-2],[81,-202],[-129,-131],[-116,-77],[-115,22],[-112,-25],[-17,47],[-74,53],[-24,-49],[84,-173],[48,-69],[-47,-46],[-59,5],[-95,64],[-45,-14],[-51,82],[-58,131],[-43,17],[-52,86],[-149,1],[-65,-15],[-50,48],[85,132],[154,-49],[22,143],[105,29],[133,-8],[18,-24]],[[46014,61614],[-65,30],[-35,46],[-91,41],[35,71],[184,-29],[10,-50],[79,-39],[12,-46],[-33,-55],[-96,31]],[[45737,61696],[-89,-33],[-3,42],[92,-9]],[[45152,61664],[4,-54],[-132,84],[-5,117],[55,18],[170,-47],[-31,-79],[-61,-39]],[[38882,61707],[-52,53],[69,51],[83,34],[65,-72],[0,-45],[-101,-25],[-64,4]],[[38743,61845],[56,89],[55,7],[21,-65],[-116,-68],[-16,37]],[[46015,61939],[83,-31],[54,-71],[9,-89],[-103,42],[-102,117],[59,32]],[[19052,61433],[-116,77],[-9,32],[-120,65],[-94,145],[19,39],[-47,51],[3,60],[-35,164],[-41,83],[19,150],[126,95],[173,87],[149,33],[33,28],[101,25],[133,51],[193,37],[68,38],[143,35],[74,-7],[218,54],[136,12],[233,58],[142,-4],[173,32],[181,52],[135,7],[138,-24],[50,-44],[155,-42],[94,8],[103,-27],[105,29],[153,3],[129,-40],[117,-66],[51,17],[100,-15],[26,-37],[178,-45],[-24,70],[75,34],[86,-33],[62,87],[122,37],[120,-40],[115,32],[167,-21],[115,106],[22,45],[-162,56],[-153,-10],[-107,47],[-80,190],[-4,52],[-52,38],[-98,-3],[-19,44],[-251,-11],[19,45],[-53,42],[-188,20],[-130,58],[-21,43],[-66,12],[-63,70],[-101,-9],[-57,74],[-90,-88],[-79,50],[-12,38],[-107,64],[-120,6],[-84,-68],[-79,-31],[-120,28],[-76,-16],[-49,-69],[-48,-24],[-159,-36],[-49,34],[-113,-35],[-55,-38],[-73,18],[-123,-25],[-72,26],[-176,-29],[-102,20],[-33,-19],[-129,-7],[-77,-49],[-78,29],[-88,103],[-93,15],[-86,-24],[-49,18],[-60,-49],[-95,-23],[-160,1],[-30,20],[-161,12],[-129,-14],[7,-49],[-82,-13],[-5,77],[-104,-35],[-76,61],[-43,59],[41,105],[-68,36],[-188,141],[-52,27],[-100,97],[-191,295],[42,121],[105,61],[137,120],[195,115],[235,41],[54,33],[180,36],[154,64],[29,-20],[121,33],[10,61],[191,102],[70,16],[191,76],[180,-24],[37,17],[182,12],[14,54],[-153,-9],[-52,40],[-121,50],[92,38],[48,43],[134,49],[62,-3],[90,40],[7,-51],[105,22],[-56,63],[75,34],[-144,51],[-56,1],[-299,-112],[-142,-29],[-39,21],[-242,-83],[-53,3],[-157,-87],[-132,16],[-124,-77],[-90,14],[-11,-50],[-64,3],[-2,120],[-57,42],[-11,62],[-121,-32],[125,-79],[-27,-130],[-48,-15],[-92,24],[-87,-29],[-34,34],[-111,-24],[-155,14],[-43,22],[-39,85],[-16,85],[81,108],[123,70],[184,-37],[116,61],[-66,36],[-23,51],[-79,33],[-35,42],[130,64],[-205,28],[-79,-53],[-51,-75],[-93,-79],[-66,21],[1,72],[-81,71],[-271,16],[-47,-117],[-80,19],[-63,94],[-41,278],[9,131],[47,145],[74,124],[74,97],[124,95],[37,120],[67,121],[45,46],[58,-6],[145,66],[97,10],[37,26],[11,145],[-15,56],[-75,66],[-78,-16],[-131,19],[-71,88],[2,143],[39,98],[154,171],[41,22],[67,102],[73,31],[50,62],[67,10],[82,59],[112,124],[92,71],[111,182],[79,83],[133,30],[109,55],[154,40],[81,53],[125,112],[99,9],[153,114],[144,28],[254,131],[67,12],[186,71],[90,107],[70,-11],[90,51],[159,57],[116,73],[11,44],[175,16],[141,-53],[103,-63],[149,-222],[52,-131],[11,-81],[-29,-160],[17,-52],[-55,-50],[-11,-78],[30,-81],[-25,-39],[8,-106],[59,-100],[-49,-33],[-161,-10],[-44,-86],[-72,-45],[28,-53],[-36,-97],[-69,-98],[-55,1],[-50,-76],[71,-60],[104,-28],[53,64],[145,96],[62,59],[115,23],[22,-56],[127,53],[-14,-64],[107,5],[117,77],[26,125],[-37,43],[-106,8],[-23,45],[86,119],[101,214],[106,136],[97,45],[87,5],[203,-70],[197,-50],[128,-104],[103,-32],[134,-3],[257,-163],[121,-30],[110,-79],[-5,-68],[97,7],[55,-20],[7,-126],[26,-108],[-50,-125],[-71,-38],[-66,-96],[23,-32],[-79,-107],[-219,-131],[-203,-150],[87,3],[25,37],[142,2],[62,46],[32,-56],[-92,-63],[23,-45],[96,65],[87,24],[-9,43],[-80,-10],[-22,77],[107,73],[110,113],[32,-129],[-65,-57],[178,-50],[38,24],[-1,72],[103,105],[-25,78],[34,26],[155,-26],[-65,70],[65,118],[91,26],[179,-114],[19,79],[161,-119],[56,-97],[61,-44],[72,76],[-66,69],[-167,96],[108,25],[160,-167],[66,44],[-84,124],[5,70],[-71,46],[-62,91],[-131,-33],[-31,39],[53,46],[58,111],[70,-5],[64,-66],[96,-33],[35,77],[-71,11],[-134,90],[-63,11],[-23,97],[-48,35],[-130,1],[-128,71],[-6,35],[-116,136],[1,101],[49,30],[176,25],[397,-75],[58,-49],[-4,-63],[110,32],[52,-9],[40,-63],[-97,-51],[46,-60],[98,-56],[148,-113],[-6,-74],[127,35],[76,-32],[-30,-47],[90,-96],[70,14],[35,-45],[-89,-34],[-10,-181],[122,28],[44,51],[74,-34],[95,-88],[-11,-62],[38,-57],[-56,-107],[-22,-216],[40,-62],[51,-143],[41,-162],[-15,-77],[93,-48],[10,-88],[-9,-183],[88,-52],[-24,-51],[92,-49],[-64,-70],[-13,-63],[40,-81],[-45,-54],[14,-43],[95,-67],[-3,-118],[108,38],[45,-103],[-9,-69],[90,-32],[39,-49],[79,42],[-79,99],[-8,117],[73,5],[39,-55],[126,188],[93,34],[68,-15],[51,40],[-165,104],[10,65],[63,-26],[95,61],[-92,54],[-44,50],[3,55],[-144,77],[-29,116],[25,54],[-100,129],[-36,100],[17,51],[-11,100],[-43,26],[89,76],[-33,64],[-65,56],[42,46],[-72,100],[81,11],[-120,105],[-24,80],[80,15],[13,100],[-71,87],[-47,121],[9,77],[-50,52],[22,88],[-72,146],[12,132],[-44,159],[40,25],[-91,107],[59,44],[-66,75],[-43,89],[14,113],[137,70],[148,-39],[7,44],[-82,33],[-97,108],[107,93],[-56,52],[83,25],[95,-37],[149,-19],[167,-89],[135,-127],[43,-60],[130,-68],[52,33],[-110,109],[22,72],[46,42],[125,61],[98,-69],[37,-105],[87,-19],[98,-59],[46,-83],[107,-88],[35,-82],[94,-23],[25,-56],[54,-16],[72,39],[62,-38],[26,-135],[71,-39],[39,-117],[83,17],[101,-66],[-38,-86],[104,-134],[-37,-22],[52,-70],[-103,-70],[121,-111],[-17,-219],[77,-96],[8,-166],[-24,-82],[36,-25],[59,-102],[12,-104],[28,-45],[53,-166],[25,-20],[1,-96],[-28,-19],[8,-108],[73,-93],[40,-85],[-16,-39],[52,-48],[-25,-168],[32,-84],[50,-19],[54,-80],[95,-97],[84,-184],[11,-85],[85,-123],[-27,-29],[-22,-151],[59,-115],[-27,-54],[44,-85],[-47,-42],[-46,10],[-74,-63],[3,-95],[51,-72],[-9,-85],[-74,-156],[-63,-65],[-3,-54],[109,-188],[72,-62],[57,-8],[61,-60],[43,15],[81,-145],[38,-134],[12,-166],[136,-33],[105,-90],[75,-88],[-8,-35],[67,-135],[152,-15],[37,33],[52,-85],[55,-24],[53,-105],[162,16],[-42,74],[-45,-9],[-55,37],[-46,139],[16,144],[78,-23],[89,-135],[63,-58],[-35,-173],[94,14],[114,-97],[58,3],[79,-110],[83,-29],[18,-46],[56,-14],[30,-133],[71,3],[170,-139],[50,-8],[26,83],[84,41],[52,-74],[-33,-150],[35,-116],[80,-54],[89,70],[148,-10],[101,84],[69,-38],[7,-132],[-20,-60],[78,-166],[-22,-138],[58,-161],[-13,-45],[5,-161],[-24,-81],[-40,-11],[30,-77],[-13,-70],[-70,12],[-43,-68],[-43,73],[-61,-48],[-56,-3],[-42,38],[10,49],[-100,189],[-9,137],[31,96],[-21,34],[-69,-190],[-17,-162],[-31,-65],[-63,-63],[-46,74],[-52,-4],[-48,52],[-66,-11],[-44,133],[0,78],[-32,52],[-49,-82],[-39,43],[-21,125],[-55,0],[12,-126],[-87,-18],[39,-54],[-19,-74],[-40,-4],[-39,54],[-61,-74],[-82,-53],[-68,16],[50,-104],[104,-15],[-13,-73],[10,-146],[-15,-83],[-74,-37],[-48,33],[-85,-32],[-58,45],[-49,-30],[-58,41],[-26,55],[-96,43],[-83,82],[-45,118],[-55,-27],[-76,33],[13,-82],[-44,-73],[70,-16],[43,-103],[112,-36],[42,-81],[84,0],[40,-98],[18,-175],[-46,-36],[-7,-66],[29,-171],[-5,-52],[-58,-35],[-94,-118],[59,-33],[113,123],[-6,53],[37,101],[77,72],[-12,50],[59,80],[62,-15],[34,56],[74,31],[73,-9],[-11,55],[58,67],[-3,54],[78,-19],[25,40],[114,-55],[32,28],[114,-88],[41,-112],[-76,-50],[9,-38],[-63,-94],[46,-81],[-22,-107],[-97,114],[-37,-44],[17,-73],[106,-112],[12,93],[51,66],[67,18],[9,-48],[112,-136],[-3,-83],[-44,-172],[-42,-59],[50,-65],[-148,-74],[-75,66],[-43,-114],[-58,18],[-45,-42],[-87,-31],[-70,-62],[-1,-64],[-97,-19],[-122,86],[-6,-70],[37,-56],[-57,-49],[-63,-8],[-37,-46],[-90,2],[-35,46],[-77,47],[-88,-31],[-60,2],[17,-93],[-63,-4],[-71,55],[0,44],[-103,-26],[-124,60],[-75,0],[-17,51],[-47,10],[-112,-34],[-71,62],[-56,11],[-67,53],[-14,56],[-79,-25],[-1,-65],[-55,-82],[-144,-2],[-92,35],[-109,8],[-61,32],[-61,-1],[-91,144],[42,34],[90,27],[116,101],[37,55],[-30,50],[-103,69],[-15,-32],[46,-61],[-27,-31],[-55,44],[-139,31],[-68,34],[-58,-28],[-46,108],[-169,84],[-95,8],[-68,-40],[-109,-32],[-166,41],[-32,41],[-51,-25],[-13,134],[73,34],[49,70],[-44,79],[-14,145],[-51,67],[-51,113],[-95,60],[-50,-17],[-80,-112],[1,-110],[-70,-39],[-99,-23],[4,-170],[28,-59],[-7,-61],[-83,-66],[-79,-98],[-65,-159],[-48,-38],[-9,-50],[-98,-91],[-90,-43],[-275,-51],[-103,-28],[-146,-22],[-52,20],[-223,-2],[18,-90],[-136,-166],[-166,-146],[-90,-61],[-127,-54],[-174,-18],[-75,-55],[-129,-67],[-82,-20],[-57,15],[-51,-29],[-115,-14],[-102,50],[-77,-47],[-48,-96],[-61,66],[-149,34],[-21,-40],[-153,-87],[-112,-34],[-25,108],[-97,-30],[-198,22],[-37,-50],[146,-23],[37,-84],[-247,54],[-155,3],[-95,-19],[-34,-32],[-203,17],[-92,-42],[-30,32],[-64,-67],[-88,-9],[-114,31],[-14,-64],[-107,-26],[-94,42],[-92,-5],[-44,-42],[-132,-17],[-59,58],[109,39],[98,-17],[-35,98],[-217,117],[-13,59],[-56,53],[4,85],[-21,55],[-97,101],[-24,89],[-56,77],[51,51],[-34,94],[46,100],[32,22],[-15,80],[19,61],[-66,35],[22,57],[-12,132],[-31,40],[-6,163],[-58,8],[-40,40],[-65,0],[-36,60],[-60,-23],[-106,10],[-45,60],[-211,24],[-6,-28],[-163,-24],[-161,-10],[-9,42],[-234,-74],[-90,51],[-75,-31],[-68,0],[-60,40],[-105,4],[-73,33],[-129,7],[-25,61],[-46,36],[-117,13],[-119,78],[-25,40],[-114,17],[-6,45],[-85,67],[2,57],[65,36],[-37,40],[9,66],[-38,41],[-87,24],[-43,-36],[-47,101],[10,77]],[[37628,44362],[-15,76],[92,18],[99,-7],[-13,-36],[47,-36],[5,-64],[-33,-52],[-64,10],[-31,95],[-87,-4]],[[54285,44362],[17,28],[83,-35],[-36,-42],[-64,49]],[[37544,44413],[-44,67],[71,2],[37,-76],[-64,7]],[[59868,44450],[29,-64],[124,-159],[37,-172],[-92,-48],[-66,61],[-45,75],[-55,4],[-44,82],[7,67],[-48,51],[6,84],[38,65],[109,-46]],[[54095,44649],[-84,51],[21,35],[88,-59],[-25,-27]],[[59176,44776],[41,-6],[12,-47],[-52,-15],[-1,68]],[[39224,46117],[13,40],[105,-13],[56,-28],[8,-46],[-70,-4],[-88,66],[-24,-15]],[[52387,46207],[52,22],[98,-140],[134,43],[153,-47],[33,-114],[-43,-20],[-140,0],[-154,79],[-6,24],[-92,17],[-93,84],[58,52]],[[55132,46390],[-52,-11],[-6,63],[52,4],[6,-56]],[[55158,46626],[82,-32],[18,-64],[-79,34],[-21,62]],[[47872,44362],[-10,151],[5,131],[20,126],[25,88],[-3,82],[26,47],[23,102],[101,146],[64,212],[68,49],[68,-29],[137,79],[45,-46],[52,-21],[13,-64],[49,-66],[21,-69],[35,-18],[49,-99],[-32,-51],[15,-88],[-39,-138],[4,-140],[-34,-23],[-31,-137],[-36,-56],[11,-78],[-9,-90],[-65,-146],[7,-51],[-55,-183],[-51,-49],[-10,-127],[-33,-63],[-65,-47],[-68,52],[-57,216],[-22,54],[-73,87],[-8,63],[-74,-2],[-25,38],[13,48],[-37,35],[-14,75]],[[57929,44923],[-65,5],[32,71],[33,-76]],[[59176,44963],[67,-41],[4,-95],[-51,-1],[-16,61],[-37,33],[33,43]],[[60007,45722],[28,100],[40,47],[40,-2],[42,-73],[35,39],[45,-26],[30,40],[107,-48],[30,-86],[-89,-11],[22,-43],[69,-10],[-36,-59],[-45,2],[8,-69],[-40,-23],[-35,-62],[-50,-7],[-109,40],[-6,36],[-55,9],[-73,46],[3,76],[-22,36],[61,48]],[[59868,45790],[41,-66],[-64,-2],[23,68]],[[49788,45907],[-2,22],[152,-1],[-24,-54],[-105,-52],[-21,85]],[[49616,45858],[-21,52],[59,31],[115,-37],[-25,-82],[-128,36]],[[55389,45907],[-46,55],[-19,159],[-32,105],[0,62],[65,-10],[24,38],[-73,25],[-99,54],[-42,51],[-102,46],[-52,42],[-14,45],[85,4],[117,-57],[57,-7],[36,-42],[54,7],[217,-142],[108,-103],[-21,-32],[52,-58],[-27,-58],[73,-8],[72,-143],[-7,-60],[-141,-94],[-105,34],[-35,27],[-86,-6],[-57,18],[-2,48]],[[45737,46527],[65,74],[124,97],[73,9],[62,-25],[96,-9],[91,124],[58,15],[191,-101],[81,-1],[29,-62],[-53,-148],[-2,-66],[-27,-45],[20,-74],[-9,-120],[-97,-129],[-54,-107],[-66,-6],[-97,-93],[-40,-79],[1,-51],[-51,-106],[-66,-51],[-111,-156],[-39,-95],[-48,-71],[-199,-199],[-62,-45],[-23,82],[-41,57],[-73,58],[-95,-21],[-82,-78],[-32,-72],[-75,-77],[-34,-12],[-19,54],[1,265],[-36,82],[-96,129],[-46,108],[1,67],[26,68],[137,152],[57,109],[31,114],[51,71],[9,102],[-21,13],[46,193],[143,181],[51,31],[90,-45],[3,-69],[31,-48],[95,-27],[31,33]],[[52665,50200],[16,-20],[-41,-100],[-105,159],[74,7],[56,-46]],[[59868,50246],[-75,-23],[-54,19],[9,59],[48,-9],[72,-46]],[[59579,50541],[9,73],[60,-23],[39,44],[36,-72],[-52,-38],[-6,-53],[64,-24],[33,-40],[-85,-69],[-55,-8],[-1,-71],[-104,-44],[-17,-53],[-130,-2],[46,166],[82,86],[81,128]],[[61254,51032],[-88,48],[-29,96],[48,30],[27,-95],[42,-79]],[[60700,51425],[46,-83],[-69,-17],[23,100]],[[61254,51798],[-38,72],[37,18],[55,-56],[-54,-34]],[[58952,51001],[-14,53],[69,36],[28,-23],[-16,-93],[-67,27]],[[51475,49769],[5,41],[134,-52],[-25,-49],[-103,-6],[-11,66]],[[59971,49769],[-27,107],[53,18],[-6,-66],[56,-36],[28,-52],[-53,-72],[-51,101]],[[52916,49779],[-52,-12],[-23,61],[27,40],[45,-36],[3,-53]],[[59868,49388],[-43,-47],[-43,33],[-44,124],[19,37],[121,-89],[-10,-58]],[[53357,49323],[-87,88],[28,49],[61,-2],[-17,86],[44,-6],[31,-74],[-47,-65],[-13,-76]],[[46950,49525],[37,-47],[-60,-54],[-58,12],[40,104],[41,-15]],[[50836,49526],[23,-61],[-34,-22],[-44,23],[-10,67],[65,-7]],[[60214,49555],[52,-33],[-33,-56],[-37,24],[18,65]],[[60069,49543],[61,-82],[-47,-7],[-71,74],[57,15]],[[50725,49527],[-34,40],[28,43],[79,-47],[-73,-36]],[[53474,49562],[-58,-16],[0,75],[53,-20],[5,-39]],[[53219,49589],[-65,19],[28,76],[73,-52],[-36,-43]],[[59868,49781],[59,-3],[7,-124],[45,-30],[-2,-88],[-59,-84],[-44,36],[-39,192],[33,101]],[[52941,49765],[23,16],[20,114],[31,27],[30,-93],[3,-201],[-71,5],[18,48],[-54,84]],[[52665,50024],[-45,-72],[-108,16],[-46,65],[81,15],[51,-31],[67,7]],[[53357,49227],[71,0],[-7,-57],[-57,14],[-7,43]],[[59868,49223],[33,49],[96,-37],[-12,-59],[-66,-9],[-51,56]],[[49997,48996],[30,62],[32,-31],[2,-64],[-32,-33],[-32,66]],[[49688,48996],[13,77],[82,25],[48,-28],[20,40],[91,8],[53,-82],[-49,-112],[-40,-53],[-66,-4],[-145,62],[-7,67]],[[60422,48628],[-31,69],[41,24],[64,-37],[17,34],[54,-7],[-21,-175],[-38,-17],[-86,109]],[[37804,48813],[53,3],[31,-87],[-88,19],[4,65]],[[53773,48445],[-42,3],[7,64],[66,-17],[-31,-50]],[[60423,48448],[-12,140],[57,-19],[22,-49],[8,-86],[-15,-40],[-58,16],[-2,38]],[[60293,49327],[48,-54],[-49,-53],[-30,26],[-41,85],[51,28],[21,-32]],[[53578,49235],[-6,93],[45,-15],[-39,-78]],[[61573,52452],[-17,23],[5,96],[45,-8],[15,-112],[39,-2],[-20,-81],[-31,-3],[-36,87]],[[61958,52652],[-40,51],[-28,104],[26,40],[46,-36],[37,32],[60,-33],[34,-56],[0,-59],[43,-1],[15,-55],[-47,-53],[-108,-3],[5,64],[-43,5]],[[61119,51995],[31,24],[60,-17],[-20,-54],[-71,47]],[[58345,51987],[51,-15],[-22,-53],[15,-43],[-31,-44],[-54,18],[12,111],[29,26]],[[57946,52806],[-4,-53],[-85,30],[-98,-26],[18,84],[55,-12],[26,30],[88,-53]],[[57965,52858],[34,17],[44,-41],[-40,-44],[-38,68]],[[44075,52835],[-31,70],[-10,167],[18,135],[-35,94],[-4,102],[46,86],[144,-23],[36,-92],[26,-12],[-6,-90],[42,-50],[41,-152],[30,-13],[2,-76],[45,-66],[22,-163],[45,-27],[2,-140],[-40,-68],[-96,-102],[-73,99],[-14,131],[-31,60],[-93,60],[-66,70]],[[60145,47258],[-34,30],[-21,101],[66,-20],[16,-66],[-27,-45]],[[57652,47312],[29,34],[63,-92],[-41,-36],[-51,94]],[[39226,47922],[-26,76],[66,18],[-40,-94]],[[60549,48224],[28,-1],[18,-78],[37,-40],[21,-85],[-52,-51],[-34,46],[-29,114],[11,95]],[[39088,48032],[-72,47],[-19,95],[86,-15],[72,-91],[-67,-36]],[[57790,48053],[-36,49],[-22,80],[57,0],[36,-68],[-35,-61]],[[57375,47453],[51,-44],[75,-126],[-52,-4],[-25,69],[-32,27],[-17,78]],[[57444,47452],[25,-20],[62,-115],[-46,10],[-41,125]],[[57618,47452],[82,-22],[-13,-37],[-58,24],[-11,35]],[[57495,47452],[59,-41],[31,-92],[39,-35],[-25,-40],[-104,208]],[[49414,47452],[-37,86],[-94,104],[-31,51],[-14,93],[197,96],[98,-10],[71,-24],[41,22],[184,-49],[-30,-46],[43,-34],[49,18],[23,-62],[34,3],[6,-81],[98,-197],[-59,-217],[-44,-5],[-84,-84],[-50,-23],[-44,-56],[-73,-4],[-13,46],[-102,86],[-5,44],[-45,38],[-119,205]],[[60324,48224],[67,48],[55,-28],[-8,-166],[55,-107],[-4,-83],[30,-80],[4,-123],[42,-18],[68,-119],[-54,-13],[-81,16],[-36,108],[-54,64],[1,127],[-21,148],[-59,83],[-18,108],[13,35]],[[39642,47819],[-20,6],[-35,95],[95,-4],[26,-75],[-66,-22]],[[59960,48047],[30,-42],[33,-108],[17,-206],[-32,-7],[-56,84],[-34,106],[7,39],[-28,151],[25,29],[38,-46]],[[49289,47970],[34,-30],[-9,-111],[-80,-23],[13,106],[42,58]],[[50171,48091],[-48,28],[4,73],[-25,24],[11,62],[45,55],[151,7],[116,-22],[84,-86],[106,-67],[81,-119],[0,-37],[55,-71],[-46,-49],[50,-33],[-6,-105],[-76,-121],[-94,35],[-43,52],[-54,-13],[-62,48],[-53,119],[-73,62],[-50,88],[-73,70]],[[58344,46991],[76,-64],[33,-78],[-2,-46],[-107,188]],[[54604,48184],[89,-10],[-83,-58],[-6,68]],[[54188,48181],[-104,-25],[35,56],[69,-31]],[[60660,48224],[31,23],[44,-80],[-62,-47],[-23,48],[10,56]],[[53967,48224],[64,30],[-1,-53],[-63,23]],[[54506,48224],[21,129],[46,-31],[1,-102],[-21,-52],[-42,3],[-5,53]],[[38986,48311],[50,3],[-7,-69],[-41,7],[-2,59]],[[53911,48246],[-52,50],[81,61],[10,-73],[-39,-38]],[[60561,48460],[75,38],[21,-92],[-70,-42],[-58,1],[32,95]],[[53911,48417],[-55,-75],[-36,44],[12,85],[58,4],[21,-58]],[[60145,48529],[-40,-34],[-64,61],[-43,-10],[-25,37],[6,87],[75,77],[28,-65],[47,119],[69,46],[11,-47],[60,-4],[-43,-95],[74,-29],[-41,-78],[50,-101],[43,58],[40,-157],[0,-53],[-73,-39],[-19,78],[-44,31],[-18,48],[-93,70]],[[45738,51011],[14,-38],[107,-81],[31,-89],[84,-79],[79,-15],[31,-68],[64,48],[83,11],[70,-91],[51,-18],[15,-56],[62,2],[126,-220],[91,-91],[-2,-43],[58,-76],[5,-74],[-24,-37],[28,-83],[4,-144],[-17,-29],[15,-122],[99,-144],[19,-69],[-13,-110],[-27,-4],[-90,-71],[-164,-72],[-42,-38],[5,-108],[108,-16],[205,90],[90,10],[72,78],[90,27],[28,-59],[68,-49],[70,-6],[59,-80],[70,-15],[-13,70],[-41,83],[52,70],[-23,87],[80,-45],[86,-105],[28,-127],[56,5],[67,-28],[20,-83],[-48,-22],[38,-98],[-64,-67],[84,-8],[148,-81],[17,-52],[71,9],[41,-40],[-32,-97],[-126,-14],[-115,-33],[-10,-96],[-49,-85],[-47,-22],[-48,-63],[-83,-68],[-27,-75],[-63,-8],[-17,-35],[8,-91],[-46,-50],[-53,-1],[-118,68],[-76,67],[-54,18],[-123,121],[-106,-14],[-31,71],[-60,84],[-44,-31],[-60,10],[-6,40],[-73,30],[-49,65],[-107,-12],[-69,-32],[-4,-47],[-94,55],[-40,0],[-5,79],[-43,74],[24,106],[89,82],[52,14],[-30,128],[-47,64],[-55,24],[-39,59],[-191,12],[-93,42],[-137,-93],[-49,55],[-15,61],[17,43],[93,141],[58,122],[-63,103],[-88,-25],[-61,-120],[-57,67],[-47,-21],[-49,-67],[-47,38],[-59,-37],[-53,-168],[-48,-23],[-3,-48],[54,-156],[-27,-131],[40,-98],[-17,-99],[-27,-46],[-99,45],[-44,-121],[-45,-39],[-27,-63],[-81,-49],[-26,-77],[-56,-48],[-59,66],[-51,-14],[-88,-118],[-23,-109],[-39,-79],[-14,-145],[5,-87],[-46,-43],[-54,-131],[-47,8],[-110,-149],[-98,-81],[-57,-64],[-55,-19],[-129,-95],[-62,-11],[-63,21],[-38,-30],[-69,14],[-87,156],[-27,220],[12,32],[-21,124],[11,193],[27,53],[14,94],[-28,86],[23,48],[9,197],[-41,72],[-147,20],[-132,-25],[-210,-105],[-70,14],[-52,35],[-88,12],[-104,-53],[-76,-105],[-4,-33],[-121,-68],[-132,5],[-63,54],[-27,58],[-16,137],[18,27],[-10,87],[55,71],[149,314],[134,138],[98,66],[154,80],[38,61],[89,58],[42,-13],[49,32],[13,119],[-14,67],[-95,129],[18,77],[-41,31],[-26,195],[26,104],[-30,30],[-17,167],[1,186],[27,102],[54,128],[19,125],[45,123],[7,73],[28,65],[26,144],[-63,95],[12,109],[54,169],[7,130],[-23,120],[-9,157],[57,177],[-29,-6],[2,141],[18,66],[30,267],[30,99],[20,180],[58,133],[36,52],[77,64],[128,183],[46,33],[55,3],[17,-97],[-26,-84],[28,-93],[72,75],[149,-55],[49,-164],[-10,-78],[83,-139],[-19,-120],[-115,-68],[-47,30],[-9,-76],[159,-140],[52,-83],[22,-65],[-8,-139],[59,-151],[8,-74],[30,-47],[72,19],[38,127],[-9,120],[22,64],[85,149],[23,89],[35,37],[48,-29],[46,-60],[-12,-60],[48,-13],[21,-59],[107,-44],[33,-74],[2,-70],[-43,-85],[117,-110],[11,-39],[134,2],[27,-60],[61,15],[57,-32],[124,0],[41,-27],[66,-4],[72,-162],[-11,-64],[13,-74],[54,-46],[61,-101],[123,-52],[26,-26]],[[45507,53048],[-64,1],[-56,-50],[-62,0],[-56,100],[150,26],[52,-8],[36,-69]],[[57513,53075],[6,61],[107,-55],[-48,-57],[-65,51]],[[62082,53207],[53,32],[24,-43],[-47,-73],[-30,84]],[[59485,53115],[-32,-61],[-63,8],[6,96],[52,51],[56,-13],[-19,-81]],[[45183,52639],[-95,82],[18,91],[55,23],[16,40],[-95,1],[-47,28],[-58,-24],[-33,-55],[-79,77],[-6,163],[-31,62],[10,94],[-54,41],[15,104],[-79,67],[-62,-32],[-99,168],[17,43],[3,124],[37,2],[79,-77],[61,-13],[37,-48],[57,7],[24,-63],[72,21],[-2,-52],[40,-68],[146,-113],[50,-55],[24,-87],[-31,-118],[-49,-19],[10,-50],[101,-122],[46,-8],[59,-60],[114,11],[110,-23],[-63,-198],[-86,-16],[-48,67],[-78,19],[-106,-34]],[[50171,51600],[31,61],[-51,67],[-108,202],[67,111],[83,-34],[27,43],[-115,135],[3,50],[63,25],[52,-7],[18,-42],[119,21],[-13,-72],[97,-56],[52,16],[6,40],[91,-5],[23,-66],[89,20],[130,-84],[158,-86],[145,-115],[49,7],[32,-40],[94,9],[-44,122],[43,22],[40,-26],[115,-25],[47,75],[22,-84],[45,-67],[92,13],[164,-55],[58,6],[43,44],[17,99],[-23,114],[55,32],[34,-37],[168,31],[22,75],[77,1],[6,-55],[-28,-79],[20,-42],[91,-30],[145,179],[10,78],[34,79],[73,11],[35,42],[-26,57],[56,28],[52,-4],[36,-64],[48,-14],[55,79],[59,-18],[54,-52],[38,-106],[84,21],[77,-25],[-9,99],[-33,51],[-3,72],[-60,127],[10,57],[-61,48],[-15,70],[30,45],[-24,99],[-135,118],[-91,31],[-68,142],[-63,97],[-9,39],[-156,222],[-43,73],[-36,134],[61,122],[111,87],[57,58],[95,68],[154,157],[167,226],[76,55],[125,149],[-12,57],[66,131],[117,101],[105,51],[39,54],[-11,88],[47,176],[82,163],[15,144],[51,77],[90,86],[159,3],[38,14],[71,92],[21,53],[35,182],[56,50],[-85,118],[-27,-41],[-52,70],[24,31],[-56,224],[-7,71],[-41,32],[41,74],[-35,79],[-15,138],[-69,7],[-71,123],[15,60],[58,66],[-33,99],[-81,89],[11,72],[-61,52],[-19,-62],[-40,-1],[-20,133],[-49,37],[37,68],[-47,62],[47,55],[-14,114],[-50,97],[-7,201],[-20,85],[-103,-34],[-64,117],[-54,17],[-39,-73],[-62,29],[-27,56],[-100,-36],[-84,8],[-32,63],[-116,99],[21,45],[-85,110],[43,49],[21,112],[115,63],[-23,127],[34,92],[-96,155],[-56,43],[-70,-13],[-154,61],[1,-86],[49,1],[41,-85],[143,-207],[-30,-110],[-227,54],[-70,1],[-57,25],[-9,72],[-80,28],[-29,52],[25,70],[-70,87],[-82,64],[-22,95],[127,95],[-15,83],[-85,2],[44,-116],[-97,-24],[-114,50],[66,100],[101,30],[1,139],[-43,25],[-70,-3],[-41,71],[-96,-54],[-23,34],[72,91],[163,45],[66,-8],[-4,62],[-148,88],[-165,-153],[17,-75],[-64,-157],[-56,-45],[-139,135],[-66,138],[-35,25],[-75,-58],[-4,-49],[69,-85],[-71,-118],[-133,-84],[-84,-22],[-77,-42],[-37,-82],[-50,-50],[-95,-48],[-114,-100],[-59,-26],[-140,-5],[-43,34],[-26,66],[13,88],[74,99],[49,139],[-29,33],[-63,2],[-23,125],[38,193],[202,62],[180,-49],[50,-76],[64,12],[63,86],[76,19],[47,72],[110,-28],[23,164],[-18,193],[-137,166],[-97,36],[-34,75],[-170,105],[-23,32],[-134,-31],[-41,7],[-3,76],[-54,38],[-53,91],[-89,74],[10,123],[54,15],[46,101],[111,1],[111,-44],[-11,77],[-128,7],[-32,40],[-62,-26],[-18,-84],[-84,-56],[-47,-108],[-129,48],[36,97],[-57,-11],[-46,-57],[-66,22],[-12,48],[-68,-10],[-38,49],[56,87],[47,-22],[55,43],[108,-27],[47,83],[-11,71],[-70,-19],[-23,80],[64,69],[-169,-6],[48,77],[-62,12],[-33,-58],[-83,26],[-67,-6],[20,71],[-118,2],[-73,-85],[41,-33],[-32,-100],[-52,-56],[-44,24],[-33,152],[12,25],[-7,240],[-18,123],[34,207],[-24,95],[34,72],[-26,71],[-98,107],[-113,-13],[-71,-43],[-85,17],[-22,-64],[-87,54],[-54,-54],[-47,30],[0,50],[-55,108],[-54,44],[88,101],[-54,24],[-126,-40],[-78,200],[-36,0],[-76,-57],[-27,83],[-83,32],[-76,-12],[-17,-90],[-54,-4],[-102,83],[-169,-40],[-13,-67],[127,-115],[36,53],[84,-63],[34,-77],[103,-9],[12,71],[53,4],[58,-47],[51,-133],[81,-128],[25,-71],[-1,-201],[53,-56],[-8,-34],[28,-139],[-56,-102],[-59,-74],[-194,-20],[-284,23],[-74,-22],[-102,-65],[-79,26],[-40,57],[-30,128],[-99,24],[-45,-16],[-44,35],[2,61],[-132,40],[-69,-69],[-91,44],[-37,63],[-69,39],[-86,-20],[-132,69],[-125,-25],[-84,53],[-138,25],[-85,-14],[-95,48],[-97,11],[-52,29],[-40,-59],[60,-66],[129,-50],[60,-70],[60,-16],[40,48],[105,-103],[49,-138],[112,-101],[158,-218],[9,-48],[-55,-69],[-90,14],[-86,48],[-80,145],[-78,28],[-166,193],[-72,5],[-85,99],[-70,9],[-62,78],[-99,72],[-56,91],[-164,121],[-57,17],[-83,58],[-117,36],[-102,84],[-128,61],[27,-94],[42,1],[171,-91],[65,-23],[81,-72],[85,-37],[61,-77],[63,-17],[78,-100],[54,-96],[89,-23],[67,-46],[-41,-82],[-72,-52],[15,-64],[-94,-7],[-45,66],[-50,-57],[-31,-72],[-6,-84],[-121,35],[-14,35],[17,103],[-139,-35],[-32,31],[-109,43],[6,32],[-55,68],[-62,-9],[-59,59],[-154,120],[-110,21],[-123,-74],[-232,-59],[-161,11],[-205,59],[-206,1],[-51,38],[-171,-7],[-127,59],[-30,104],[-69,-28],[-117,46],[-122,7],[-59,40],[-83,-23],[-167,22],[-97,-3],[-84,-37],[10,-94],[80,56],[83,22],[131,-50],[92,-50],[63,-110],[-202,65],[-141,-37],[-125,44],[-77,86],[-107,36],[-153,116],[-36,62],[-170,184],[23,124],[-10,117],[-28,27],[26,85],[-38,16],[-63,-75],[15,-90],[-58,6],[-109,-31],[-29,50],[45,68],[-63,18],[-32,72],[20,109],[-65,-8],[-78,-56],[-6,-77],[58,-12],[69,-70],[-13,-67],[7,-107],[-200,43],[-27,27],[-79,-4],[-112,35],[-136,-15],[-45,27],[-49,-62],[144,-21],[-3,-38],[-100,-76],[-85,-11],[-38,47],[-78,37],[-27,57],[-48,-18],[-125,85],[49,35],[97,-32],[33,-52],[106,-28],[-7,80],[-60,5],[-123,116],[-92,49],[-149,55],[-181,49],[-93,79],[-56,74],[-110,218],[11,76],[-42,16],[-18,66],[-87,78],[-114,124],[-81,251],[102,63],[48,-5],[47,45],[-34,67],[-104,47],[-51,79],[-55,36],[38,69],[182,-54],[12,-66],[56,-22],[139,37],[84,-9],[162,11],[140,-33],[78,-55],[10,-80],[40,-40],[185,-34],[127,3],[135,41],[80,-14],[205,4],[14,61],[90,59],[146,-32],[-2,41],[-187,33],[-36,55],[-67,20],[-60,49],[-198,117],[-94,131],[28,73],[-13,80],[-62,14],[-129,-112],[-97,33],[-157,-1],[-289,44],[-88,40],[-189,44],[-74,-16],[-145,19],[-136,39],[-59,-5],[-160,74],[-32,43],[19,58],[-58,45],[-37,100],[32,128],[-27,138],[-43,53],[50,31],[4,87],[89,81],[37,166],[-53,111],[-43,7],[6,75],[-44,66],[-60,38],[-45,65],[95,112],[27,102],[-38,90],[91,38],[66,70],[69,9],[92,48],[28,75],[-55,21],[-77,-20],[-35,-39],[-94,79],[1,62],[-38,59],[11,59],[-29,78],[62,156],[-20,67],[15,67],[74,30],[20,52],[-6,163],[31,120],[79,56],[38,-37],[62,28],[32,104],[-83,104],[53,120],[146,-27],[40,63],[-80,18],[-24,53],[73,90],[23,144],[-40,45],[-7,96],[87,54],[-44,79],[123,276],[87,99],[31,108],[140,61],[-35,60],[69,59],[10,48],[84,103],[75,57],[52,1],[10,67],[160,186],[191,151],[141,98],[281,134],[218,93],[97,5],[77,50],[63,-2],[160,59],[187,18],[50,-12],[192,33],[98,-29],[154,-7],[231,-52],[119,20],[145,-20],[182,-62],[91,-87],[10,-73],[-60,-113],[-89,-53],[-303,-256],[-103,-34],[-12,-49],[-138,-127],[-138,-149],[-169,-266],[-36,-123],[-81,-177],[12,-40],[-67,-115],[-60,-138],[-149,-182],[-57,-120],[8,-75],[-46,-170],[28,-21],[27,-155],[77,-103],[164,-170],[85,-154],[25,-71],[-12,-67],[-125,-192],[-20,-60],[-18,-159],[28,-39],[-14,-133],[28,-224],[38,-113],[107,-186],[12,-62],[71,-139],[75,-43],[156,-221],[87,-74],[28,-76],[128,-125],[32,-66],[55,-46],[82,-21],[137,-97],[55,10],[102,-44],[18,-84],[-21,-71],[57,-30],[19,-154],[-84,4],[-151,66],[-72,-11],[-57,-37],[85,-35],[-67,-38],[-103,20],[-34,-109],[-41,-70],[-103,27],[-33,34],[-243,-62],[6,-42],[-72,-72],[-87,-30],[-29,-98],[-148,-60],[-299,-58],[44,-70],[178,4],[90,48],[117,19],[96,98],[116,53],[141,131],[215,26],[84,55],[68,-7],[59,-39],[97,-7],[15,87],[139,-1],[58,-48],[10,-97],[-17,-109],[-54,49],[-49,-92],[54,-66],[3,-114],[-36,-68],[44,-31],[105,24],[29,133],[-3,66],[-58,70],[14,210],[41,115],[47,54],[-70,62],[-15,119],[8,108],[41,28],[21,125],[109,7],[38,56],[-16,176],[-91,80],[-6,100],[50,58],[-46,54],[-133,5],[1,-81],[-28,-22],[-94,44],[-222,41],[-61,47],[-79,119],[-72,72],[77,64],[-83,137],[-12,61],[-87,45],[-108,89],[-109,29],[-4,108],[70,-19],[64,30],[47,55],[155,6],[32,67],[-21,46],[106,66],[-73,74],[-8,96],[72,18],[-4,54],[58,37],[77,0],[188,-31],[102,-79],[25,-68],[94,-94],[76,-9],[69,-43],[124,-150],[87,-69],[10,-142],[65,111],[-55,95],[-100,74],[-23,88],[-98,79],[-102,29],[-56,134],[-95,77],[-77,36],[40,44],[22,95],[-29,57],[14,84],[41,-1],[39,82],[-61,8],[-218,-152],[-41,36],[-57,-13],[-69,31],[-98,97],[-53,21],[-53,153],[-8,68],[88,44],[-110,34],[-74,116],[25,79],[-14,131],[24,56],[-11,69],[31,179],[-46,48],[53,44],[57,104],[160,15],[85,-24],[268,-161],[264,-70],[127,-48],[119,-108],[21,30],[-119,121],[-85,26],[-58,63],[-163,53],[-103,85],[-116,61],[-12,72],[-62,-27],[-185,32],[-114,-3],[36,164],[44,78],[41,13],[33,-88],[75,-84],[86,4],[-69,126],[16,57],[120,-17],[59,-55],[137,-67],[306,-60],[132,-12],[76,-41],[166,22],[12,38],[-160,6],[-74,50],[-72,13],[-125,54],[-199,37],[-165,116],[-195,83],[32,186],[94,81],[106,40],[75,48],[41,-26],[44,-130],[118,-68],[93,-110],[11,90],[-79,81],[-63,34],[-40,176],[389,158],[299,-111],[11,-89],[62,-170],[31,52],[-23,102],[27,59],[-18,58],[-73,71],[-212,84],[85,64],[159,88],[35,41],[122,33],[156,65],[66,58],[121,-37],[136,133],[27,63],[137,-24],[280,-7],[251,29],[214,-25],[109,10],[117,-95],[17,-104],[109,-101],[61,-136],[8,-187],[38,-127],[-44,-233],[18,-51],[160,-86],[231,-89],[83,-57],[55,-140],[-108,-193],[31,-118],[-23,-38],[79,-71],[-7,-58],[36,-86],[150,-57],[45,-48],[23,-113],[-105,-63],[-102,-104],[-47,-75],[34,-88],[-115,-58],[-105,-90],[-39,-62],[-101,-80],[-111,-204],[-64,-45],[-33,-105],[-85,-61],[58,-34],[96,111],[29,75],[99,94],[73,108],[15,61],[92,3],[133,136],[55,2],[28,-126],[-37,-93],[13,-73],[-61,-17],[-181,-225],[-38,-105],[-8,-99],[52,-54],[88,-45],[111,-85],[10,-54],[-80,-4],[-81,84],[-54,-20],[-138,-2],[-28,-77],[97,-46],[38,27],[55,-68],[-34,-66],[11,-72],[-37,-74],[-68,-41],[67,-38],[93,140],[-17,65],[110,49],[54,-6],[31,52],[98,34],[50,69],[-39,105],[-68,69],[-24,67],[153,-2],[38,120],[-32,70],[54,83],[59,-52],[38,-91],[77,-128],[170,-95],[-18,54],[-92,65],[-71,115],[-36,92],[-89,92],[128,154],[92,24],[38,89],[-23,65],[61,57],[84,-75],[-53,-125],[81,-76],[56,-85],[-53,-114],[50,-19],[79,41],[3,69],[89,60],[21,110],[204,-167],[64,-109],[42,-187],[-41,-100],[-7,-137],[-78,-124],[-17,-63],[-50,-39],[-4,-50],[69,-20],[56,38],[220,-102],[61,-19],[75,-105],[-5,142],[-141,66],[-124,127],[51,134],[-14,149],[20,68],[185,-120],[78,-30],[42,-50],[76,-258],[-6,-79],[127,-183],[24,-56],[215,-121],[14,19],[-173,119],[-77,136],[-61,72],[-4,49],[127,50],[7,-66],[83,-75],[54,-94],[-2,-49],[141,-119],[65,64],[-117,42],[-106,166],[-62,61],[-20,83],[-159,9],[-88,266],[-57,59],[-63,15],[-131,72],[-104,80],[-26,57],[105,101],[-62,84],[184,98],[66,-62],[-19,-56],[44,-94],[31,141],[124,-34],[98,-59],[105,-18],[173,-77],[52,-56],[117,-81],[23,40],[-38,45],[-210,155],[-123,34],[-116,55],[-190,113],[-104,111],[3,163],[192,238],[98,79],[118,48],[56,56],[73,-5],[104,57],[170,68],[254,-7],[150,-31],[42,13],[126,-34],[122,-112],[-17,-80],[328,-93],[91,-18],[-13,-132],[44,-96],[42,11],[-34,94],[74,107],[161,-3],[167,-52],[28,-31],[284,-113],[-13,-50],[67,-220],[49,-105],[91,-144],[-79,-149],[-191,-166],[-158,74],[-182,-16],[-151,-70],[-127,-83],[-59,-176],[66,28],[8,77],[90,70],[141,78],[74,20],[169,1],[56,-61],[116,-29],[-62,-84],[-180,-44],[-55,-57],[-26,-95],[13,-78],[-68,-101],[14,-72],[-65,-80],[-44,-129],[152,208],[-10,80],[61,70],[-2,122],[50,84],[55,-14],[159,58],[59,62],[51,151],[102,26],[52,-24],[220,-49],[124,-2],[164,-29],[58,-120],[42,-132],[-70,-122],[32,-46],[-52,-126],[-69,-38],[-177,-40],[-87,-46],[-46,-82],[-89,2],[-63,-80],[-74,41],[-74,10],[-123,-53],[28,-32],[111,40],[76,-28],[33,-80],[-201,-130],[-4,-47],[-76,-35],[-76,-73],[28,-22],[172,83],[44,55],[119,88],[65,29],[33,88],[87,21],[61,-44],[-74,-158],[-123,-94],[-91,-2],[20,-50],[98,-3],[25,-48],[-40,-64],[22,-43],[95,-61],[-1,-105],[-47,-25],[-80,-111],[-17,-78],[-58,-36],[-25,-69],[111,46],[35,95],[45,36],[30,74],[40,10],[36,84],[-16,118],[-84,73],[24,31],[-23,102],[81,57],[101,131],[-21,68],[122,49],[50,46],[59,96],[117,2],[-42,-188],[63,53],[19,90],[65,104],[176,28],[46,-39],[67,-7],[-15,-71],[-147,-132],[-1,-79],[-61,-15],[-11,-72],[-58,-99],[-46,-180],[-32,-166],[14,-116],[-69,-21],[87,-86],[42,102],[4,196],[64,44],[-4,103],[30,114],[53,46],[27,71],[68,8],[77,-94],[-33,-65],[-12,-137],[-23,-32],[61,-99],[94,101],[54,-134],[-94,-32],[-11,-96],[-69,-56],[-49,-126],[-30,-148],[82,58],[64,191],[68,31],[13,77],[74,23],[59,-62],[148,-76],[18,-53],[-142,-46],[-30,-39],[28,-167],[44,50],[-23,83],[103,58],[45,-3],[47,171],[-21,215],[133,17],[40,47],[-29,84],[-36,31],[77,71],[53,1],[56,160],[11,126],[32,16],[75,-62],[237,-103],[178,-38],[90,-67],[200,-91],[86,-104],[2,-46],[113,-104],[121,-246],[3,-42],[-145,-147],[-125,-261],[-33,-4],[-275,113],[-169,-82],[-34,-63],[15,-56],[-50,-122],[-72,-4],[-50,-93],[-12,-88],[58,-30],[73,-79],[-122,-190],[3,-46],[-40,-87],[52,-22],[77,193],[35,34],[199,32],[60,65],[64,18],[67,53],[90,40],[143,9],[78,60],[51,147],[7,79],[41,40],[129,52],[80,95],[92,59],[64,-53],[70,-90],[33,-191],[36,-93],[-118,-173],[-34,-12],[-29,-89],[-2,-75],[-106,-118],[-171,-92],[-28,-131],[-43,-50],[-204,65],[-121,-8],[13,-144],[-112,-112],[-16,-100],[15,-77],[-27,-160],[57,16],[10,104],[31,108],[-9,62],[108,116],[18,80],[69,17],[130,-56],[54,-4],[-19,-162],[-28,-50],[2,-69],[-70,-252],[46,-39],[-32,-104],[-55,-60],[6,-51],[-66,-119],[50,-55],[47,77],[27,156],[30,31],[29,121],[-3,74],[24,59],[72,314],[35,99],[-4,59],[42,156],[144,50],[60,43],[126,125],[83,38],[129,101],[72,6],[103,64],[50,58],[115,68],[93,-48],[-67,-145],[-116,-164],[-140,-134],[-58,-35],[-135,-3],[-51,-82],[17,-68],[51,-89],[49,21],[-56,114],[17,47],[182,-1],[170,99],[78,61],[47,65],[70,-66],[56,151],[128,80],[70,-46],[102,38],[89,-139],[149,-67],[149,-99],[215,-95],[90,-59],[49,-69],[4,-89],[-89,-170],[-38,-35],[5,-70],[-54,-2],[-51,74],[25,104],[-60,-6],[-34,-47],[17,-199],[-38,-44],[-158,-69],[-81,11],[-97,-42],[-48,1],[-160,-51],[-59,-52],[-82,-32],[-214,-161],[11,-41],[-60,-96],[-149,-35],[-72,-89],[75,-4],[19,57],[47,22],[81,-31],[71,-117],[-40,-30],[-95,26],[-124,-48],[-66,-76],[10,-35],[-56,-69],[-39,-6],[4,-90],[140,155],[57,86],[86,15],[90,-18],[54,16],[49,74],[-60,114],[24,104],[94,107],[74,8],[87,66],[71,3],[135,36],[72,-51],[209,89],[117,-11],[28,-91],[-33,-65],[-70,-75],[19,-58],[-102,-126],[-192,-86],[-106,-112],[-99,-195],[-55,-50],[-130,55],[-108,-4],[-101,-131],[1,-73],[-76,-116],[26,-101],[94,168],[21,122],[60,54],[96,1],[138,-64],[81,72],[58,123],[138,143],[99,45],[232,-9],[-2,54],[105,172],[63,47],[82,-7],[86,74],[22,83],[-68,-7],[-60,70],[61,146],[158,187],[33,-28],[203,-110],[50,-89],[103,-69],[148,-176],[98,-181],[39,-114],[17,-199],[33,-134],[1,-83],[37,-102],[-66,-37],[-77,13],[-76,-12],[-92,31],[-184,101],[-121,9],[-162,-46],[-16,-62],[-54,-34],[-85,-188],[-142,-11],[-162,51],[-118,-51],[-55,-51],[-57,-14],[-64,-68],[-106,-24],[-27,-40],[-85,-12],[-157,60],[-159,19],[-185,-85],[81,-41],[64,58],[93,31],[162,-58],[118,-59],[165,81],[96,15],[193,118],[154,-27],[172,-120],[100,-38],[140,-100],[93,-10],[112,59],[205,-35],[166,2],[63,-17],[146,-130],[134,-84],[76,-85],[56,-106],[24,-87],[-18,-124],[-69,-95],[-67,21],[-64,54],[-80,30],[-106,12],[-65,-68],[-64,66],[-61,-11],[-55,-42],[-97,22],[-36,-12],[-174,113],[-229,189],[-34,7],[-161,-39],[-324,96],[-33,25],[-134,11],[25,-69],[61,9],[33,-44],[84,-8],[46,-29],[126,-25],[97,-42],[165,33],[35,-12],[77,-116],[-47,-35],[-130,25],[-74,29],[-129,22],[-96,-11],[-77,-38],[-142,34],[-4,-26],[88,-60],[221,43],[25,-40],[-96,-58],[-41,-52],[-130,-37],[-29,-50],[-36,-145],[39,-57],[28,164],[41,42],[129,10],[139,137],[43,19],[81,-48],[102,-18],[286,-218],[100,-61],[-41,-30],[-88,5],[-98,-31],[-5,-61],[-91,18],[-58,43],[-114,38],[21,-95],[99,-49],[100,-15],[9,-93],[51,-25],[-7,-69],[-102,24],[-116,61],[-96,26],[4,-48],[161,-59],[42,-54],[185,-49],[-7,-73],[-174,73],[-180,39],[-63,36],[-36,-15],[-103,28],[-14,-29],[97,-66],[-91,-50],[-104,59],[-50,-20],[-149,41],[-24,36],[-124,54],[1,-81],[-121,25],[16,-50],[47,-17],[203,-26],[101,-55],[115,-17],[51,-57],[91,24],[38,-41],[86,4],[135,-38],[64,-45],[-19,-115],[-51,45],[-103,-68],[-200,60],[-69,-4],[-75,-35],[-29,-102],[77,14],[39,65],[63,13],[90,-33],[10,-101],[47,38],[160,-8],[81,-129],[41,29],[224,-21],[88,78],[37,-49],[71,14],[20,-42],[-47,-97],[123,-18],[55,46],[74,-157],[57,-44],[62,31],[-26,109],[54,2],[49,-68],[153,71],[59,-59],[-61,-77],[-87,15],[-30,-81],[-48,-49],[-148,71],[-82,16],[-74,-17],[-58,-54],[-65,-3],[-58,-45],[-36,12],[-94,-38],[-65,-72],[78,-5],[34,53],[107,-14],[39,-49],[60,57],[53,79],[78,-17],[34,31],[83,-29],[87,-67],[-135,-49],[-84,-122],[-2,-122],[43,3],[-8,69],[115,134],[76,18],[74,-56],[150,-63],[-17,-75],[-32,-29],[-15,-75],[8,-76],[-108,-115],[-3,-127],[33,6],[10,91],[121,160],[67,22],[4,-145],[-50,-187],[52,22],[39,157],[-3,69],[25,98],[47,13],[175,-55],[-52,-137],[99,40],[20,-114],[35,-42],[-71,-30],[-58,-72],[-3,-67],[-35,-69],[7,-80],[-81,-44],[-107,58],[-44,-19],[121,-69],[15,-28],[134,47],[19,71],[-10,64],[51,61],[5,74],[73,36],[39,-9],[63,84],[67,-20],[-60,-96],[30,-54],[50,-143],[-56,-116],[3,-160],[-25,-52],[6,-88],[-18,-57],[-14,-151],[36,24],[40,162],[20,213],[-12,73],[22,53],[116,79],[27,83],[-22,126],[112,95],[139,-53],[-19,-161],[-78,-212],[-41,-35],[31,-85],[113,-106],[35,4],[-128,145],[28,41],[32,120],[29,39],[17,119],[157,52],[58,71],[49,147],[120,2],[64,-61],[117,-82],[-89,-63],[-27,-41],[-72,-17],[-85,-180],[32,-118],[-130,-127],[10,-81],[107,86],[11,57],[52,56],[138,2],[20,82],[92,15],[90,-31],[106,-116],[19,-59],[-45,-66],[28,-29],[73,74],[41,-44],[28,-81],[-47,-133],[48,-5],[54,32],[43,-28],[-15,-154],[-24,-108],[-41,-57],[113,2],[68,-106],[4,-153],[-68,-70],[-156,29],[-129,8],[-103,24],[-6,-42],[67,-38],[169,-4],[-37,-60],[-82,-46],[-135,5],[-126,-39],[-87,-63],[24,-34],[154,86],[208,-6],[117,85],[100,17],[84,-17],[-26,-102],[-54,-24],[-95,5],[-140,-81],[-60,-9],[-113,-43],[-57,-51],[-34,-69],[-13,-159],[-28,-114],[44,-8],[41,137],[13,146],[36,48],[157,62],[81,18],[83,59],[55,-20],[88,6],[141,135],[66,-30],[115,32],[63,-39],[30,-112],[-70,-167],[-59,-55],[11,-46],[69,58],[93,176],[-10,78],[17,60],[99,201],[59,2],[36,51],[99,-52],[33,-78],[18,-103],[-48,-138],[-46,-46],[-58,17],[-77,-45],[-20,-86],[60,-266],[-128,-70],[-100,-31],[-62,-73],[6,-102],[-137,-82],[102,-14],[69,57],[26,53],[-14,67],[22,50],[48,-42],[14,-177],[-16,-127],[-23,-78],[45,-7],[28,181],[29,52],[-29,129],[17,53],[85,-11],[73,120],[46,-30],[74,3],[5,68],[94,-2],[-6,-166],[21,-57],[11,-131],[-45,-143],[111,80],[-24,100],[19,99],[-23,144],[91,35],[74,-12],[35,-165],[40,-82],[43,-38],[4,-60],[79,-59],[-81,175],[-26,91],[6,85],[84,21],[53,38],[-24,129],[8,74],[62,1],[66,33],[77,9],[38,-76],[-58,-53],[1,-117],[111,40],[22,-61],[-3,-83],[23,-49],[96,-56],[22,33],[62,-3],[-9,-130],[75,11],[66,-92],[-14,-50],[53,-49],[41,-72],[48,-28],[8,-96],[-43,-76],[-20,-85],[-139,-75],[-57,42],[-26,100],[-61,87],[-51,30],[-47,-6],[-93,71],[-55,-56],[34,-25],[143,-47],[88,-131],[28,-101],[76,-61],[-1,-51],[-55,-40],[-117,-40],[-49,29],[-7,-68],[97,-9],[124,25],[40,-21],[30,-103],[-126,-79],[-89,16],[-44,-65],[-68,-43],[-47,25],[-62,73],[-63,-34],[-58,14],[-28,108],[9,105],[-103,-10],[-105,33],[-64,-2],[-42,-45],[31,-38],[52,41],[47,-94],[102,-124],[-78,-79],[-159,-115],[-66,-15],[-7,60],[-46,6],[-21,169],[-27,-40],[35,-177],[39,3],[19,-82],[67,-9],[102,98],[24,-99],[93,-1],[0,-29],[134,-45],[21,-127],[50,-28],[-20,-74],[62,12],[14,-40],[-74,-75],[-53,36],[-110,-85],[-46,63],[-55,7],[-40,45],[-84,-12],[-62,39],[-59,-21],[-75,101],[-37,147],[-103,-50],[50,-25],[55,20],[8,-167],[65,-31],[41,-46],[43,22],[54,-32],[51,6],[56,-68],[62,0],[43,-161],[-18,-73],[49,-111],[-70,-48],[-83,-13],[-12,46],[-122,10],[-36,90],[-44,43],[-9,-99],[105,-99],[65,-35],[7,-112],[-71,27],[-67,57],[-61,17],[-9,-46],[56,-68],[84,-16],[2,-48],[46,-49],[-19,-55],[-81,-27],[-7,-70],[-69,45],[-71,87],[-35,-141],[-36,21],[-23,75],[-48,4],[-46,48],[-66,-28],[3,76],[-58,88],[-36,160],[-33,76],[-9,71],[-56,128],[-40,7],[12,-115],[23,-24],[61,-192],[2,-119],[39,-103],[-80,34],[-110,-9],[47,-81],[128,-16],[30,-68],[-22,-33],[-5,-109],[-85,-23],[-54,81],[-35,-66],[48,-59],[-11,-48],[90,5],[94,-79],[-92,-38],[-44,16],[-58,74],[-84,-55],[74,-20],[87,-105],[-13,-55],[67,-86],[-5,-45],[-49,-33],[-4,-47],[81,8],[25,-108],[-15,-68],[-100,-1],[28,-85],[84,-11],[-39,-72],[-58,-27],[46,-82],[-20,-98],[-49,-22],[-58,14],[25,-155],[-67,-107],[-27,68],[15,102],[-31,34],[-56,-68],[-88,58],[21,90],[-39,9],[-24,152],[-148,38],[8,-110],[-52,-32],[-54,136],[-22,111],[61,38],[-19,55],[-45,-7],[-54,-118],[-50,77],[-4,95],[-22,58],[51,68],[-11,67],[16,70],[67,115],[-16,75],[-55,-105],[-16,-78],[-39,-10],[-41,-107],[-7,-138],[17,-87],[-39,-99],[-10,-69],[-105,54],[-21,126],[-41,55],[-58,20],[-62,80],[-23,102],[48,16],[9,59],[45,70],[99,46],[68,107],[-73,-22],[-29,-39],[-110,-15],[-22,21],[-96,-42],[-6,-61],[-58,-13],[-76,142],[20,41],[-16,91],[57,6],[106,68],[55,78],[30,83],[-39,12],[-84,-132],[-123,-23],[-90,74],[-20,48],[-1,93],[125,5],[28,73],[68,37],[10,35],[157,28],[-12,31],[-118,-19],[-125,-86],[-9,-44],[-88,16],[-92,-15],[-69,25],[35,153],[-71,4],[76,275],[41,46],[14,57],[136,95],[75,14],[59,62],[48,19],[110,-74],[-53,120],[37,104],[31,29],[6,216],[97,153],[39,12],[37,75],[34,-2],[95,95],[-69,14],[-38,-58],[-51,-1],[-54,-73],[-110,-106],[-48,-100],[6,-192],[-88,-71],[-49,1],[-155,-105],[-89,-45],[-15,-31],[-71,-31],[-261,-14],[-71,-49],[-37,4],[-40,59],[-10,152],[48,114],[206,155],[6,61],[73,66],[12,108],[-96,-116],[-42,-79],[-36,-13],[-52,-67],[-132,-82],[-88,35],[-42,45],[-50,123],[-51,42],[19,38],[-148,73],[62,-114],[-71,-30],[-29,13],[-44,121],[36,163],[-61,18],[-21,40],[-68,20],[-22,54],[2,72],[-82,53],[21,72],[-8,101],[-20,40],[76,47],[-6,44],[-99,-15],[6,-46],[-172,-123],[-25,-58],[-72,31],[9,56],[-66,53],[-47,72],[-50,25],[-61,-24],[-31,93],[-38,-22],[40,-57],[-49,-54],[29,-43],[126,14],[83,-82],[9,-80],[95,-76],[-9,-54],[14,-105],[-42,-1],[-38,68],[-58,-15],[112,-107],[37,-85],[-24,-36],[-122,-22],[-94,34],[-53,116],[-9,66],[-112,123],[-67,13],[-73,51],[-34,79],[-60,-43],[46,-55],[5,-83],[39,-32],[68,-139],[29,-97],[-5,-58],[-37,-36],[23,-41],[81,-41],[65,-86],[58,-2],[33,-94],[131,-98],[6,-86],[69,-19],[13,-40],[-50,-56],[-9,-123],[-38,-25],[-86,-4],[-42,-69],[-38,-10],[-40,49],[-29,-36],[-98,57],[-49,13],[10,-87],[-104,13],[-79,79],[12,48],[-51,85],[3,122],[20,64],[-24,68],[-163,92],[-20,119],[-53,34],[-54,-71],[-14,76],[-166,-55],[34,-50],[84,52],[54,-78],[36,-85],[73,-85],[24,78],[38,22],[99,-121],[19,-176],[-45,-18],[-16,88],[-44,17],[-31,-62],[89,-60],[-11,-32],[-72,30],[-40,81],[-51,-13],[113,-130],[-93,19],[-15,-101],[74,25],[76,4],[-5,-65],[-37,-88],[93,-51],[-20,-42],[55,-85],[49,49],[40,1],[69,-50],[-54,-59],[-38,10],[-44,-121],[96,-32],[8,-98],[-39,-36],[-39,-84],[12,-37],[95,68],[47,80],[159,73],[55,-48],[37,69],[92,-22],[40,-49],[4,-125],[-60,-41],[-8,-40],[-58,-19],[17,-66],[-14,-47],[61,-77],[42,30],[182,-39],[-12,-134],[-49,-81],[-23,21],[-76,-15],[98,-97],[-2,-120],[52,1],[20,-75],[37,-48],[41,41],[6,-126],[-19,-134],[-87,-17],[-8,-38],[100,15],[70,89],[9,69],[90,-4],[-29,-70],[5,-49],[-47,-25],[-36,-122],[54,-6],[55,-43],[4,-107],[-34,-45],[51,-41],[-17,-200],[27,-81],[41,5],[-16,129],[32,172],[-2,139],[-34,72],[30,18],[95,-56],[46,-62],[-11,-105],[63,-23],[101,-70],[64,-18],[48,-41],[-37,-92],[-8,-104],[-77,7],[-55,-26],[-71,-94],[26,-13],[63,93],[57,6],[47,-25],[-21,-59],[63,-52],[54,254],[30,50],[32,-57],[-32,-107],[15,-64],[50,71],[10,-88],[45,-139],[18,71],[-29,81],[20,58],[-53,91],[21,53],[-30,95],[31,42],[57,-20],[71,-74],[59,-36],[19,-78],[61,-82],[28,-84],[-29,-69],[9,-107],[-101,-107],[-16,-165],[42,-65],[66,19],[117,-2],[33,72],[51,18],[42,-40],[54,12],[-13,-91],[31,-33],[85,28],[9,-51],[-13,-95],[-82,-58],[19,-112],[-40,-94],[-91,-13],[-61,47],[-88,35],[3,-47],[61,-72],[23,-68],[54,17],[83,-122],[-34,-28],[82,-90],[70,-131],[33,-37],[-18,-48],[-111,-50],[20,-29],[84,-14],[110,32],[22,-95],[47,90],[105,28],[49,-59],[19,-53],[-51,-45],[-105,-62],[-21,-61],[-60,-96],[-42,-90],[73,-87],[106,-52],[56,29],[17,-67],[104,-95],[19,-108],[-21,-77],[-28,-32],[32,-62],[5,-182],[36,-69],[-33,-102],[16,-191],[-46,-41],[-41,-130],[-89,97],[-2,50],[-41,44],[-3,72],[-44,226],[2,88],[-25,50],[1,60],[-69,60],[10,30],[-39,135],[-46,27],[-35,67],[-9,80],[-45,31],[-36,74],[4,51],[-91,-8],[98,-109],[44,-72],[35,-131],[70,-49],[19,-92],[-29,-43],[-43,-6],[-11,-115],[38,-72],[6,-139],[-73,-42],[49,-30],[65,0],[51,-196],[5,-91],[-37,-93],[-46,-36],[24,-39],[56,0],[4,-87],[98,-20],[9,-128],[-25,-136],[21,-57],[-53,-48],[114,-18],[44,-61],[11,-59],[-95,-18],[2,-91],[-69,-41],[-16,73],[-57,48],[-4,41],[-133,89],[-92,-82],[52,-163],[85,-122],[-1,-52],[64,-69],[-3,-106],[-22,-138],[80,-25],[48,-65],[-27,-37],[-51,-16],[-35,-44],[-100,40],[-42,44],[-35,-13],[-58,133],[-45,156],[-3,72],[35,127],[-57,26],[17,78],[13,149],[-25,-5],[-31,-125],[-33,-38],[-43,25],[-46,-38],[-48,30],[-28,73],[-8,94],[-78,70],[44,46],[16,57],[-10,75],[-44,-16],[23,-71],[-54,-39],[-15,-119],[-46,52],[-32,-16],[-45,30],[55,85],[11,73],[-87,-52],[-65,115],[-48,33],[-40,-21],[100,-119],[-27,-35],[10,-64],[-69,8],[-90,137],[-59,-28],[-64,70],[-53,82],[0,80],[-18,73],[-35,61],[27,77],[-36,22],[-22,-93],[40,-69],[-28,-235],[-58,16],[-91,149],[-11,74],[42,65],[-30,97],[-22,-115],[-49,-12],[-20,50],[-102,182],[33,52],[-178,63],[-130,237],[-66,53],[-24,92],[-25,4],[-20,128],[-44,27],[-17,113],[-50,77],[-63,3],[-5,106],[-38,8],[-8,-71],[30,-57],[-19,-113],[65,-168],[29,-116],[44,-92],[-43,-101],[-98,123],[-15,97],[-49,52],[-57,109],[-84,26],[-5,86],[-28,70],[-32,-28],[-46,33],[-87,14],[-50,60],[-46,146],[-70,37],[-30,-15],[-58,52],[-57,-7],[-19,-49],[-95,3],[-27,46],[-44,15],[-25,-44],[62,-83],[9,-66],[44,-58],[24,-117],[58,-109],[52,-68],[32,-73],[65,-72],[54,-27],[46,-135],[55,-43],[1,-40],[56,-77],[16,-97],[27,-8],[43,-104],[41,-59],[0,-65],[56,38],[111,-50],[23,-77],[61,-23],[18,-47],[49,3],[33,33],[59,-45],[-12,-42],[-79,-10],[-44,-70],[-9,-73],[29,-18],[64,116],[40,-16],[42,30],[60,-79],[-71,-33],[-47,-50],[96,-18],[56,54],[42,-42],[96,-142],[-5,-54],[58,-23],[27,-36],[7,-71],[36,-12],[32,-54],[-17,-64],[57,-21],[20,-98],[53,-5],[7,-69],[48,-22],[23,34],[46,-3],[39,-34],[-26,-53],[29,-57],[90,-6],[-1,-84],[51,-47],[11,-103],[33,-26],[-32,-123],[123,1],[-14,-80],[-51,-133],[54,-78],[17,98],[111,17],[22,-114],[57,-106],[2,-50],[51,-10],[28,55],[31,-8],[57,-94],[-37,-57],[-80,-34],[21,-118],[-1,-96],[-64,14],[74,-244],[47,-100],[-4,-65],[-49,6],[-75,-34],[-129,-14],[-41,46],[-152,61],[-80,88],[18,53],[-52,13],[-45,79],[-60,-7],[-81,54],[-24,-17],[-129,43],[-72,69],[-43,4],[-50,-31],[-15,61],[25,70],[-48,9],[-6,51],[-99,-44],[-45,87],[-72,-46],[-54,-3],[-54,24],[-28,72],[-88,-10],[-12,51],[-55,-51],[-43,36],[-54,9],[-34,33],[-73,-14],[-30,38],[-97,-4],[-82,34],[-20,-13],[-192,216],[-46,63],[-95,-11],[-68,43],[-23,56],[-93,50],[-37,98],[-32,46],[-12,80],[-39,0],[-40,67],[-28,-30],[-33,81],[-43,161],[-1,140],[55,83],[-121,18],[-51,-6],[-67,41],[-41,83],[-20,-52],[47,-100],[-74,-13],[-22,78],[-40,36],[-33,-12],[19,-89],[-78,9],[-55,-47],[-59,38],[-86,79],[-79,91],[-41,80],[-149,37],[-89,9],[-44,22],[29,95],[-36,20],[-38,-29],[-34,130],[-65,-26],[-27,-50],[-46,25],[41,89],[51,10],[8,41],[50,37],[-3,41],[36,159],[-62,-4],[5,-93],[-16,-95],[-137,-1],[-29,-67],[-51,-5],[-121,41],[-7,106],[-36,-1],[-52,50],[-59,21],[-12,59],[-55,57],[4,76],[-21,72],[-56,18],[35,117],[-45,23],[1,45],[67,3],[-33,64],[-31,-17],[-66,20],[-78,76],[-10,-46],[-66,22],[-27,60],[55,33],[90,4],[94,-21],[140,-52],[62,60],[64,94],[38,-15],[15,65],[-56,60],[42,30],[43,-37],[47,-2],[35,142],[-76,-72],[8,84],[-24,91],[-38,-109],[-51,-28],[-61,24],[34,77],[-26,141],[-44,80],[-32,-85],[-105,73],[3,85],[-112,103],[-6,-57],[42,-37],[25,-93],[-56,-94],[-45,50],[-52,-19],[-105,120],[-24,-105],[7,-52],[-54,-7],[-3,73],[-23,45],[-18,135],[65,38],[25,95],[-75,98],[-27,-108],[-51,-46],[28,-48],[-34,-51],[-118,9],[46,86],[-85,124],[-34,118],[46,68],[-35,41],[-61,-45],[-21,103],[-84,26],[-43,63],[-40,15],[-9,50],[22,56],[47,26],[-27,76],[4,69],[-53,-9],[-46,55],[-8,52],[-107,141],[-69,8],[-1,-62],[-66,-2],[-30,58],[0,118],[-88,135],[26,102],[59,132],[47,-16],[49,71],[18,72],[40,4],[8,64],[-88,-2],[21,69],[-59,31],[55,-209],[-175,-137],[-9,-113],[-43,-51],[34,-83],[-76,-119],[-42,41],[24,42],[-41,162],[41,63],[8,89],[-27,6],[-46,-118],[-1,-36],[-69,-27],[-21,113],[-20,17],[-79,-64],[-26,-130],[-3,-93],[-80,-41],[-65,99],[44,22],[31,113],[33,16],[-18,93],[-80,205],[106,58],[-47,43],[19,70],[15,143],[-40,-5],[-3,-95],[-36,-11],[-60,-62],[21,-45],[-25,-103],[-46,73],[-79,-87],[-44,99],[-57,16],[-13,77],[-50,22],[-40,50],[-36,109],[45,110],[40,60],[13,61],[-33,55],[-73,-15],[-20,-47],[32,-121],[-16,-37],[-62,54],[-65,-65],[46,-131],[120,-74],[71,-89],[26,-63],[65,-74],[-76,-76],[23,-36],[-37,-86],[51,-52],[-28,-38],[26,-52],[-13,-84],[-50,58],[-61,23],[-4,-100],[-81,50],[-61,12],[-78,39],[-61,84],[-55,21],[-26,46],[-63,-68],[-68,41],[-5,43],[-149,135],[-50,-8],[-129,77],[-33,75],[-67,-19],[46,-179],[74,-99],[-74,-24],[-27,-81],[17,-41],[80,-74],[-24,-31],[-58,41],[-25,-31],[-71,66],[-45,0],[-12,-58],[-87,31],[-95,-62],[-101,-46],[59,-44],[87,-10],[-125,-86],[-86,-11],[-86,36],[-57,-7],[-73,53],[-25,-29],[8,-85],[63,-72],[-2,-61],[-87,20],[-49,70],[-123,34],[-130,82],[-54,-3],[-119,-100],[-29,192],[-69,-27],[-34,15],[23,76],[-66,6],[-41,-29],[-118,1],[-4,64],[-64,-14],[-27,63],[54,41],[-51,41],[-31,-54],[-73,46],[55,44],[0,51],[-89,73],[11,56],[-47,55],[-53,253],[29,14],[-21,149],[62,74],[22,84],[-8,97],[-36,29],[15,71],[-30,32],[7,82],[24,40],[104,72],[16,81],[180,100],[72,104],[119,-22],[58,74],[53,11]],[[50950,5642],[58,104],[59,14],[-9,-57],[-70,-73],[-38,12]],[[58804,5639],[18,47],[20,-35],[-22,-52],[-16,40]],[[58885,5808],[53,168],[4,-61],[-44,-148],[-13,41]],[[50589,5371],[7,26],[86,71],[38,42],[21,-12],[-48,-105],[-10,-57],[-50,-20],[-44,55]],[[50825,5438],[95,147],[46,26],[17,-33],[57,29],[-3,-64],[-88,-8],[8,-69],[-25,-47],[-7,-56],[-38,-49],[-62,124]],[[58344,6978],[27,164],[28,19],[10,-74],[-16,-71],[-32,-85],[-17,47]],[[58345,7165],[-34,63],[19,69],[40,49],[-7,-103],[-18,-78]],[[58412,6514],[18,150],[43,155],[30,12],[14,-60],[-1,-77],[13,-23],[1,-84],[-19,-58],[-57,-8],[-14,-47],[-28,40]],[[47882,6940],[57,64],[16,-103],[-28,-32],[-45,71]],[[47899,7921],[7,53],[25,34],[46,-34],[25,1],[5,-70],[-47,-8],[-10,-67],[-27,-15],[-24,106]],[[46631,8325],[10,54],[34,46],[59,10],[-24,-106],[-51,-75],[-28,71]],[[46098,9784],[64,16],[-11,-44],[-53,28]],[[63470,10023],[37,84],[46,74],[61,13],[-7,-148],[-39,-64],[-26,29],[-28,-31],[-39,-100],[-50,-69],[-58,-128],[-36,-38],[-7,54],[48,77],[39,130],[28,37],[31,80]],[[45324,9252],[16,81],[23,26],[27,94],[37,17],[39,-82],[40,-9],[0,-96],[-32,-80],[-49,-44],[-76,98],[-25,-5]],[[45731,8776],[30,19],[0,-105],[-19,8],[-11,78]],[[63055,8573],[41,16],[36,-67],[-54,-28],[-10,-60],[18,-25],[-44,-97],[-17,32],[16,51],[-56,22],[-22,84],[13,45],[79,27]],[[45535,9244],[9,82],[30,71],[46,-24],[2,-59],[24,-22],[22,100],[42,-32],[43,-8],[31,54],[25,-11],[20,40],[41,-2],[-32,-147],[54,-74],[18,-100],[66,74],[17,-83],[46,36],[26,-47],[16,-85],[29,118],[-77,93],[29,71],[21,-10],[29,84],[15,-4],[76,65],[76,30],[-6,-120],[66,-39],[28,-103],[14,-84],[32,137],[-10,39],[52,107],[48,27],[14,37],[61,-23],[14,-70],[-19,-134],[30,10],[44,-49],[-23,-149],[11,-90],[32,-6],[2,64],[19,49],[23,108],[50,113],[16,-21],[-8,-135],[-42,-69],[6,-36],[61,5],[26,37],[13,-49],[-13,-76],[-26,-61],[-30,-32],[8,-69],[-38,-74],[-10,-74],[-34,-56],[-22,-91],[-45,-58],[-65,68],[-41,-2],[-7,43],[37,63],[47,15],[76,138],[28,21],[-6,53],[-35,-32],[-32,10],[-41,-72],[-31,-98],[-62,-59],[3,-52],[-50,-1],[-23,91],[-25,-15],[-52,42],[1,27],[-80,80],[-16,53],[-72,45],[-13,-25],[-41,23],[-3,42],[-40,65],[-79,6],[-29,54],[-67,-10],[-27,52],[-33,23],[-31,-42],[-54,43],[2,29],[-99,28],[-34,74],[-40,-14],[-49,23],[-5,36]],[[45919,9305],[33,84],[68,13],[31,-19],[-4,-88],[-60,-57],[-42,21],[-26,46]],[[46593,9276],[10,105],[31,-39],[-41,-66]],[[46977,9439],[21,27],[106,-1],[45,21],[-34,-89],[-41,-13],[-44,46],[-12,-21],[-41,30]],[[46286,9531],[28,73],[24,-10],[-3,-63],[-35,-40],[-14,40]],[[11095,17714],[48,36],[-11,38],[-61,43],[24,66],[93,112],[60,-43],[46,-11],[11,-145],[20,-92],[-14,-52],[26,-106],[-7,-74],[10,-99],[-45,-36],[-37,50],[-47,4],[-39,28],[-11,85],[-47,45],[-43,103],[24,48]],[[11657,16680],[-21,98],[18,163],[27,-41],[23,38],[36,0],[16,-47],[3,-138],[11,-110],[-24,-21],[-33,52],[-37,-23],[-19,29]],[[11380,17485],[36,97],[29,-50],[-37,-86],[-28,39]],[[41694,15927],[52,21],[12,-79],[-12,-20],[-52,78]],[[12558,15973],[8,-74],[-38,14],[30,60]],[[42146,15624],[58,-17],[3,-56],[-43,3],[-18,70]],[[13943,15684],[44,-68],[8,-46],[-27,-33],[-25,29],[-9,75],[9,43]],[[14151,15601],[-37,-44],[-54,0],[-41,60],[20,49],[71,-55],[41,-10]],[[41964,15539],[32,39],[-25,81],[1,50],[43,19],[76,-207],[-86,-18],[-41,36]],[[13943,15751],[16,48],[31,-63],[-12,-49],[-48,21],[13,43]],[[13884,15783],[-3,54],[-52,68],[-52,50],[-40,77],[2,66],[49,-114],[99,-103],[28,-14],[26,-95],[-57,11]],[[13181,17081],[-66,43],[-11,88],[101,-25],[56,-78],[-24,-38],[-56,10]],[[13874,17233],[34,-2],[28,-112],[3,-59],[-30,-23],[-22,51],[-45,-25],[-14,35],[4,80],[42,55]],[[12888,17262],[9,-85],[-22,-23],[-28,41],[7,88],[34,-21]],[[67280,17260],[57,-28],[-68,-53],[11,81]],[[13597,16434],[32,-9],[6,-65],[-49,0],[-78,62],[-1,89],[33,-18],[57,-59]],[[11953,16362],[-14,7],[-11,104],[-40,-17],[-10,112],[53,40],[65,-20],[-10,-146],[-33,-80]],[[11796,16529],[18,22],[47,-20],[1,-55],[-39,-50],[-27,103]],[[13874,16931],[32,54],[37,-23],[-36,-142],[-55,-6],[-3,67],[25,50]],[[60700,18091],[52,-70],[37,-20],[41,7],[75,-24],[37,-29],[67,-11],[167,-53],[131,-80],[158,-83],[11,-43],[41,0],[19,-57],[54,-10],[77,-98],[44,6],[45,-87],[64,-29],[39,-44],[28,-64],[27,-27],[2,-79],[41,-58],[33,14],[19,-48],[55,-30],[3,-66],[67,-62],[23,12],[34,-53],[26,21],[67,-48],[6,-46],[56,15],[15,-56],[34,-27],[1,-72],[89,-183],[5,-61],[34,-81],[-51,-94],[-63,-30],[-12,-28],[-65,35],[-39,-27],[-96,19],[-94,-8],[-34,-23],[-61,56],[-92,50],[-48,42],[-122,31],[-92,37],[-64,53],[-64,15],[-195,147],[-39,45],[-55,102],[-24,-8],[-74,79],[-114,71],[-6,53],[-28,77],[3,66],[-44,131],[-82,113],[-45,103],[-27,19],[-97,114],[-79,35],[-119,76],[-63,70],[-11,58],[-50,51],[-21,-60],[-26,79],[-42,33],[-11,56],[25,55],[151,81],[115,26],[56,-56],[23,9],[52,-29]],[[12796,17297],[35,-158],[-40,49],[-59,108],[21,77],[43,-76]],[[67247,17458],[13,-116],[-56,-23],[18,123],[25,16]],[[13150,17328],[-94,109],[-3,43],[-64,113],[-78,68],[-15,54],[8,68],[29,15],[29,-57],[45,-50],[78,-29],[34,-32],[27,-98],[60,-138],[77,-139],[19,-92],[-14,-15],[-42,74],[-96,106]],[[13320,17723],[7,50],[56,22],[-3,-48],[-28,-44],[8,-41],[-25,-62],[-3,-91],[-74,45],[-18,86],[24,16],[24,87],[32,-20]],[[10791,18252],[0,89],[29,21],[27,-34],[-27,-109],[-29,33]],[[67190,18782],[31,-78],[-48,11],[17,67]],[[12493,19157],[14,42],[38,-90],[-46,-31],[-6,79]],[[12212,19233],[6,-67],[-100,-57],[-49,8],[-43,-18],[-32,53],[47,30],[53,-3],[44,52],[63,20],[11,-18]],[[12211,19081],[15,64],[-1,68],[50,28],[42,50],[40,-46],[-2,-46],[-49,-126],[-51,-36],[-44,44]],[[11934,19299],[46,13],[30,-36],[23,-69],[-70,-38],[-32,23],[-50,-10],[-25,33],[39,64],[39,20]],[[12558,18528],[54,93],[20,86],[38,-42],[24,-84],[-10,-30],[1,-137],[-71,-46],[12,123],[-54,-1],[-14,38]],[[12350,18565],[1,114],[-29,91],[18,73],[-29,43],[62,26],[40,38],[9,-78],[60,-90],[18,-56],[-37,-146],[-25,-54],[34,-74],[10,-112],[13,-45],[-30,-34],[-12,75],[-27,64],[16,50],[-34,25],[-58,90]],[[12550,18873],[19,-29],[16,-115],[-38,-57],[-36,-118],[-17,48],[17,58],[-3,58],[17,87],[25,68]],[[12627,18816],[47,125],[52,-41],[44,-3],[-19,-92],[4,-64],[44,-50],[9,-69],[-38,-55],[-8,-45],[-42,22],[-15,94],[-47,78],[-31,100]],[[60804,18698],[-28,-17],[-27,40],[-4,56],[33,25],[25,-57],[1,-47]],[[12766,18778],[16,121],[37,52],[60,-87],[14,-78],[-21,-109],[-44,-3],[-23,60],[-39,44]],[[12488,18792],[-42,137],[44,53],[32,-3],[20,-112],[-14,-51],[-40,-24]],[[12598,18890],[-13,28],[36,69],[17,-29],[-23,-81],[-17,13]],[[12350,19125],[37,124],[82,-123],[41,-126],[-75,-27],[-34,20],[-61,-78],[-40,4],[-9,94],[21,37],[29,-12],[25,39],[-16,48]],[[11380,19611],[55,37],[117,4],[-1,-28],[-76,-71],[-37,-17],[-58,75]],[[10965,19657],[-49,4],[-4,31],[40,64],[63,-42],[45,16],[30,-20],[30,20],[32,-67],[-28,-29],[-77,19],[-36,41],[-46,-37]],[[11103,20138],[41,73],[44,19],[35,-16],[22,-45],[-88,-60],[-54,29]],[[10272,20257],[53,90],[46,-21],[2,-80],[-23,-19],[-78,30]],[[64784,20611],[32,17],[-11,-121],[-18,17],[-3,87]],[[10554,20611],[34,53],[42,-8],[-9,-64],[-45,-22],[-22,41]],[[67279,20397],[61,39],[9,-49],[-67,-99],[-3,109]],[[67397,20039],[-9,-79],[-31,-121],[-27,-40],[-72,56],[41,96],[59,40],[39,48]],[[11346,19746],[2,63],[30,32],[3,56],[44,10],[52,120],[68,47],[17,31],[81,-26],[-1,-69],[16,-49],[42,-27],[-31,-64],[-27,-6],[-22,-57],[-8,-96],[-45,-22],[-42,30],[-50,-6],[-49,-28],[-67,19],[-13,42]],[[11242,20120],[78,-5],[18,21],[35,-49],[27,-97],[-99,18],[-88,-50],[-49,24],[-53,128],[131,10]],[[65999,20030],[-13,37],[20,52],[41,-25],[-30,-73],[-18,9]],[[10410,20169],[-29,61],[84,54],[51,-100],[3,-84],[-33,30],[-76,39]],[[11449,19403],[-55,26],[-31,-9],[-42,44],[119,31],[71,66],[62,12],[18,43],[70,-102],[-51,-66],[-72,-34],[-89,-11]],[[11311,19560],[49,12],[53,-28],[-7,-47],[-85,-11],[-10,74]],[[64371,19672],[19,-107],[2,-81],[-49,-60],[10,119],[-32,108],[8,34],[42,-13]],[[10203,22143],[12,46],[32,-3],[-19,-75],[-25,32]],[[10185,21962],[33,86],[34,20],[24,-155],[-92,0],[1,49]],[[48622,22515],[8,68],[50,-1],[-6,-46],[-52,-21]],[[10099,22627],[20,47],[5,79],[45,59],[8,-42],[73,62],[36,-26],[-8,-89],[11,-46],[-20,-186],[-27,-47],[-6,-116],[-27,-39],[-22,-84],[-40,154],[-59,5],[-28,43],[36,74],[-10,113],[13,39]],[[48461,22735],[117,139],[70,-38],[21,-41],[-62,-89],[5,-129],[-42,-76],[-70,17],[-95,-24],[-33,-35],[-13,61],[-7,148],[77,26],[32,41]],[[48902,22818],[-31,64],[30,22],[1,-86]],[[7485,24280],[50,-67],[-18,-65],[1,-107],[-45,-21],[-36,68],[-15,-43],[30,-64],[-47,-33],[-45,126],[6,42],[-58,105],[29,55],[125,-21],[23,25]],[[9896,24279],[-4,40],[31,87],[46,-15],[5,-102],[25,-46],[21,-85],[-11,-98],[7,-38],[1,-202],[-47,10],[-71,44],[5,28],[-11,150],[13,139],[-10,88]],[[9984,24280],[-1,96],[91,21],[34,93],[23,-47],[-11,-137],[-44,-186],[-26,-134],[-34,-15],[18,173],[-50,136]],[[67104,24280],[-31,40],[4,56],[69,-24],[-19,-90],[-23,18]],[[7363,24370],[39,-52],[-80,-14],[41,66]],[[9819,24280],[21,218],[1,97],[39,-76],[10,-102],[-28,-65],[10,-135],[-24,-141],[-15,5],[-19,108],[5,91]],[[9166,24473],[8,49],[38,-23],[-10,-79],[-36,53]],[[7224,24475],[59,77],[50,-33],[3,-58],[-36,-22],[-76,36]],[[7224,24951],[43,-25],[21,-41],[73,-24],[44,-79],[-9,-74],[-33,-88],[-28,-34],[-65,24],[-30,-39],[-61,146],[-18,182],[30,48],[33,4]],[[67142,24766],[-33,71],[-1,40],[49,23],[13,-27],[-28,-107]],[[6808,24879],[26,2],[90,-33],[15,-36],[-102,-29],[-29,96]],[[8956,24817],[-29,72],[34,20],[42,-45],[-7,-65],[-40,18]],[[67122,25981],[31,33],[27,-22],[-5,-58],[-53,47]],[[9412,25825],[-5,119],[30,78],[18,6],[12,-135],[55,-157],[-6,-152],[-22,-34],[-32,52],[-49,-8],[-52,-45],[-20,77],[27,113],[44,86]],[[67081,25947],[46,-44],[10,-130],[-13,-21],[-50,22],[-69,57],[-1,76],[77,40]],[[8703,25951],[-9,46],[25,69],[37,-31],[-28,-141],[-37,15],[-41,75],[31,35],[22,-68]],[[9317,25825],[7,242],[-9,110],[5,64],[68,99],[18,-3],[78,79],[47,-19],[25,41],[32,-11],[0,-52],[-37,-57],[9,-62],[-18,-166],[-43,32],[-36,-8],[-53,-90],[-32,-79],[17,-83],[-54,-87],[-24,50]],[[66115,26277],[-45,30],[32,107],[61,-19],[-48,-118]],[[8471,26182],[-81,64],[-42,103],[44,121],[44,45],[-14,45],[10,53],[48,-9],[14,-46],[-5,-101],[18,-32],[39,-3],[38,-74],[-11,-52],[24,-158],[-13,-39],[-35,12],[-78,71]],[[9481,26485],[41,48],[18,-57],[-32,-52],[-38,13],[-54,-80],[-8,61],[73,67]],[[8367,26517],[6,67],[43,-53],[-24,-37],[-25,23]],[[8305,26596],[24,18],[26,-39],[-36,-64],[-14,85]],[[66195,26597],[33,56],[47,-33],[61,-14],[-35,-65],[-47,-36],[-52,44],[-7,48]],[[8159,26824],[14,60],[31,-37],[-22,-62],[-23,39]],[[6934,26597],[55,55],[-5,-142],[-42,-10],[-8,97]],[[8203,26596],[-37,52],[60,83],[51,-67],[-34,-67],[-40,-1]],[[6670,25162],[37,-25],[66,9],[12,-47],[-118,-5],[3,68]],[[46846,24583],[-148,113],[-58,22],[-97,57],[-65,75],[-16,68],[33,61],[44,122],[42,90],[49,40],[70,-24],[112,81],[26,-10],[65,17],[49,-7],[51,40],[66,-14],[26,-36],[65,-17],[41,22],[16,-52],[97,-115],[14,-67],[98,-158],[51,-178],[30,-219],[24,-97],[19,-12],[0,-102],[-34,-151],[-35,63],[-54,39],[-112,58],[-67,18],[-80,73],[-43,68],[-70,56],[-64,31],[-73,12],[-72,33]],[[9415,24279],[-9,51],[-36,90],[-19,109],[7,163],[-26,3],[-29,62],[0,130],[23,99],[66,79],[-7,216],[36,41],[-37,174],[47,44],[54,-52],[33,8],[179,-269],[48,-19],[48,-139],[29,-145],[12,-138],[-1,-162],[-12,-19],[-4,-181],[-16,-145],[-3,-106],[-18,-170],[-32,9],[-99,-15],[4,106],[12,42],[-15,117],[1,88],[19,58],[15,136],[45,100],[2,128],[-22,13],[3,-124],[-34,-45],[-4,-49],[-36,-106],[-15,-205],[21,-45],[-103,-105],[-85,96],[-42,77]],[[67142,25071],[47,-40],[-8,-98],[-78,-38],[-24,72],[17,72],[46,32]],[[9042,25116],[-27,57],[3,68],[58,41],[28,-99],[26,-41],[23,-86],[57,-88],[8,-184],[-51,25],[-43,77],[-8,66],[-74,164]],[[8866,25149],[58,10],[63,-123],[-20,-62],[-81,52],[-20,123]],[[48228,25235],[-10,-107],[36,-60],[-101,-57],[-18,120],[40,113],[53,-9]],[[9237,25052],[-35,58],[-17,111],[3,100],[69,134],[-23,115],[39,-6],[50,-76],[-4,-73],[22,-99],[-14,-13],[-4,-99],[26,-81],[-68,-61],[-44,-10]],[[48089,25398],[-23,-41],[-33,14],[-21,48],[6,83],[-13,69],[3,85],[61,71],[59,-31],[29,-47],[-44,-84],[19,-58],[-7,-81],[-36,-28]],[[9164,25516],[-9,59],[-56,116],[30,48],[66,-79],[0,-131],[-31,-13]],[[8238,26114],[12,70],[-6,56],[54,14],[58,-33],[32,-37],[88,-69],[110,-122],[24,-48],[79,-110],[56,-111],[30,-125],[51,-96],[7,-68],[33,-103],[-7,-48],[-46,-47],[-11,37],[-42,-40],[-59,3],[-31,99],[-71,109],[-8,93],[-39,36],[-6,37],[-49,42],[0,32],[-56,12],[-97,192],[22,84],[-55,4],[-29,66],[-43,31],[-1,40]],[[8623,26211],[-30,120],[-3,72],[-81,45],[-8,195],[-59,29],[3,100],[66,93],[60,-48],[41,-89],[82,-112],[33,-75],[82,-118],[67,-156],[27,-86],[200,-352],[13,-89],[-29,-103],[2,-129],[-34,-78],[20,-63],[-24,-26],[-54,-13],[-60,141],[-18,70],[-61,93],[-13,46],[-41,35],[-18,135],[-46,39],[26,175],[-34,15],[23,68],[-91,-41],[-42,73],[1,34]],[[6324,26175],[43,-18],[7,37],[-30,125],[17,92],[-49,33],[-1,60],[-24,37],[-68,26],[-14,49],[37,54],[-45,99],[-12,102],[32,105],[-4,85],[31,16],[23,83],[-15,22],[-3,114],[-21,34],[66,116],[62,-21],[15,-39],[77,-46],[45,11],[80,46],[62,-78],[-1,-100],[14,-43],[-19,-62],[-73,-93],[18,-36],[56,30],[18,137],[65,52],[44,59],[59,37],[49,-5],[42,-82],[-10,-66],[59,-52],[23,-95],[-5,-92],[36,-93],[-17,-100],[-57,-59],[-17,-70],[-29,-43],[-117,-40],[-19,-53],[-40,-43],[-66,-31],[17,-61],[53,-12],[93,44],[-38,-75],[-10,-71],[83,62],[-24,60],[22,26],[70,-16],[55,85],[16,93],[9,129],[30,180],[-27,83],[1,88],[-16,85],[-23,54],[148,-5],[74,42],[42,44],[35,8],[64,94],[39,39],[-13,-176],[-23,-166],[-41,-143],[-81,-231],[-17,-81],[8,-135],[-47,-196],[7,-124],[-25,-110],[35,-178],[-21,-179],[-27,-164],[-23,-68],[-69,22],[-50,-37],[-21,12],[-76,-84],[18,-46],[47,28],[45,-4],[4,-37],[-91,-69],[-41,17],[-137,-43],[-67,79],[-29,72],[22,33],[-42,65],[-53,27],[-10,54],[56,13],[-7,53],[-51,25],[-37,-23],[23,133],[22,-25],[119,1],[46,-96],[56,0],[-17,57],[-70,67],[-8,80],[-87,22],[-97,74],[-1,58],[-92,-41],[-4,71],[-39,38],[4,85],[-35,93]],[[48508,23193],[33,53],[17,-54],[-50,1]],[[67264,23263],[56,-26],[-32,-44],[-24,70]],[[10133,23189],[4,65],[30,54],[44,37],[23,-49],[-50,-122],[-51,15]],[[9890,23507],[40,164],[95,46],[-5,-136],[-33,-14],[-24,-82],[-26,-24],[-47,-1],[0,47]],[[9926,23452],[9,-77],[-39,-9],[-5,47],[35,39]],[[10135,23507],[36,117],[13,-56],[26,-197],[-21,-8],[-43,-77],[-26,-20],[-34,58],[24,64],[25,119]],[[7639,23633],[58,4],[-54,-135],[6,-47],[-14,-67],[-28,64],[-14,106],[9,43],[37,32]],[[9718,23722],[36,-46],[-4,-75],[12,-203],[-35,-83],[-58,41],[-1,92],[-18,45],[-11,91],[8,123],[71,15]],[[48786,22876],[8,26],[60,15],[3,-49],[-71,8]],[[9960,22858],[-13,34],[29,49],[15,-52],[-31,-31]],[[7813,22626],[9,77],[-39,128],[-4,54],[11,111],[51,-1],[5,-69],[87,-55],[-3,-35],[-41,-42],[-63,10],[41,-198],[-36,-18],[-18,38]],[[10064,22702],[-15,32],[12,121],[-28,28],[5,101],[20,83],[56,23],[20,-39],[8,-191],[-46,-89],[7,-81],[-39,12]],[[10272,23034],[40,-23],[23,-62],[-24,-20],[-18,-96],[-43,21],[-36,-15],[-47,26],[-26,126],[39,-8],[56,53],[36,-2]],[[10020,23121],[27,34],[36,-29],[-44,-57],[-33,-121],[-18,60],[32,113]],[[9884,23121],[18,64],[48,2],[-17,-93],[13,-43],[-34,-45],[-55,38],[27,77]],[[9940,23121],[14,64],[46,-12],[27,-37],[-77,-135],[4,110],[-14,10]],[[10331,22735],[3,77],[22,60],[14,163],[52,126],[10,46],[39,7],[47,43],[24,-18],[74,105],[31,5],[33,49],[7,97],[41,20],[103,84],[23,-13],[-11,-101],[30,-25],[-28,-127],[-32,-30],[-27,-61],[-96,-45],[-15,-55],[-28,-8],[-20,-63],[-38,3],[-5,-72],[-43,-23],[-25,-59],[-7,-91],[-22,-79],[0,-110],[-38,-42],[-100,-75],[-17,36],[-7,114],[6,62]],[[10174,23121],[26,49],[34,12],[9,95],[30,58],[40,-115],[8,-117],[-7,-76],[-99,26],[-41,68]],[[49062,23590],[-9,-38],[-55,67],[47,35],[17,-64]],[[10001,23746],[-2,35],[-55,-6],[-38,43],[-3,45],[67,-45],[60,-25],[-5,-59],[-53,-7],[-56,-45],[-2,86],[87,-22]],[[9718,23747],[-29,-22],[-44,6],[-49,68],[15,81],[52,-84],[25,48],[-34,55],[2,75],[64,26],[68,-18],[5,84],[30,10],[16,-154],[41,-215],[-15,-72],[-29,-21],[-62,60],[-56,73]],[[9351,23893],[-9,49],[-63,152],[-11,95],[-33,75],[-17,73],[21,70],[34,42],[71,-126],[26,-25],[58,-137],[29,-32],[55,-114],[-7,-113],[1,-145],[-27,-94],[-19,15],[1,78],[-67,59],[-43,78]],[[7009,24280],[9,29],[72,69],[38,-88],[13,33],[-22,90],[-55,22],[-48,-45],[-10,-92],[-18,3],[-38,103],[-41,20],[-19,67],[-1,76],[-51,62],[-31,78],[7,41],[100,28],[53,32],[-87,100],[-48,27],[-58,-16],[-49,22],[-23,-18],[-28,40],[-34,93],[9,24],[86,-6],[53,27],[-4,39],[73,59],[55,-30],[76,46],[41,-27],[55,111],[25,10],[55,76],[86,-15],[23,-73],[-3,-86],[55,-22],[14,-83],[35,-3],[1,-59],[21,-119],[-111,47],[-37,40],[-65,-8],[-53,-59],[-6,-48],[48,-138],[10,-133],[33,-63],[-3,-66],[30,-81],[28,12],[-21,-132],[9,-59],[39,-47],[42,-153],[12,-95],[34,-11],[-11,-81],[34,-40],[41,-2],[62,-38],[17,-89],[26,-8],[-7,-110],[26,-19],[38,-135],[2,-75],[59,-35],[18,35],[56,36],[33,-88],[29,20],[21,-157],[46,-2],[-4,-78],[-24,-40],[-59,7],[-24,-82],[-34,-17],[-61,30],[-62,161],[-32,-29],[-31,58],[-10,74],[-47,74],[-4,53],[-40,29],[0,53],[-33,59],[7,47],[-50,126],[0,38],[-101,84],[-41,107],[-47,39],[-38,132],[-81,102],[-50,110]],[[64935,20804],[29,-40],[-35,-47],[-35,21],[41,66]],[[65107,20997],[37,-1],[0,-54],[-47,-45],[-25,49],[35,51]],[[64994,20959],[-19,50],[25,43],[84,27],[-7,-94],[-41,-45],[-42,19]],[[10687,21136],[-36,-63],[-68,-9],[-29,56],[69,27],[64,-11]],[[10549,21667],[36,53],[6,-78],[-32,-60],[-9,-51],[-53,22],[31,44],[21,70]],[[10157,21963],[13,-52],[109,-25],[35,-80],[16,-85],[-17,-94],[24,-70],[8,-101],[-18,-63],[-31,14],[-15,66],[-37,42],[-26,-29],[-40,38],[-28,217],[-22,52],[1,87],[28,83]],[[44492,11410],[22,87],[35,-64],[-39,-51],[-18,28]],[[55158,11539],[67,142],[69,53],[26,-59],[-54,-154],[-56,-67],[-44,-82],[-65,-24],[-42,6],[17,55],[55,102],[27,28]],[[67072,12250],[-20,63],[29,28],[23,-97],[-32,6]],[[55649,12605],[54,3],[-56,-119],[-31,53],[33,63]],[[62362,12164],[-34,7],[-40,-25],[-29,9],[-12,43],[38,56],[37,15],[-24,108],[6,166],[40,63],[36,26],[49,78],[60,126],[126,210],[22,22],[34,-15],[39,22],[19,-47],[-34,-29],[-35,39],[-45,0],[-48,-94],[-61,-82],[-40,-88],[15,-47],[-38,-187],[-42,43],[48,57],[-3,60],[-80,-117],[18,-32],[-27,-103],[-38,-20],[-4,-57],[14,-94],[33,-113]],[[67072,13355],[-1,-72],[-68,-30],[9,76],[60,26]],[[60131,13466],[1,50],[60,113],[98,-45],[-24,-117],[-34,-96],[-43,-83],[-50,69],[28,18],[3,46],[-39,45]],[[40846,14367],[10,52],[36,50],[37,9],[25,-76],[-66,-69],[-42,34]],[[60240,13780],[16,122],[44,-3],[4,-83],[-13,-78],[-49,-77],[-27,47],[25,72]],[[13928,15286],[48,-86],[-22,-17],[-26,103]],[[42514,15307],[27,3],[41,41],[6,-86],[-46,-16],[-28,58]],[[41254,14691],[21,84],[18,-64],[-39,-20]],[[66934,13062],[-23,72],[69,46],[31,-4],[37,38],[-6,-98],[27,-48],[-8,-74],[-47,32],[-57,5],[-23,31]],[[43381,13287],[7,32],[77,100],[60,-4],[24,19],[41,-53],[45,-9],[32,-37],[-10,-46],[-50,-17],[-44,-44],[-175,29],[-7,30]],[[62916,8530],[-3,79],[-62,-30],[-36,-75],[-24,23],[-32,92],[2,38],[-47,83],[-30,133],[2,49],[-26,132],[-6,124],[8,78],[-30,102],[-1,156],[-15,58],[57,90],[-3,33],[29,142],[29,74],[77,89],[33,75],[1,33],[69,170],[30,136],[36,69],[20,111],[-3,31],[31,87],[3,92],[-15,38],[20,61],[52,59],[53,244],[37,82],[47,37],[76,171],[25,158],[32,70],[30,33],[78,-75],[54,74],[21,-33],[-55,-137],[0,-110],[42,-80],[40,9],[39,-52],[-18,-235],[-19,-46],[-4,-73],[-40,-40],[15,-89],[28,-5],[-45,-174],[-40,-211],[1,-50],[-53,-132],[-22,-158],[-30,-64],[22,-54],[20,102],[72,120],[25,-8],[-1,-105],[-17,-8],[-52,-126],[-32,-52],[-36,-122],[-46,-84],[-52,-48],[-30,-1],[-70,-51],[-30,54],[-21,-27],[-55,-150],[36,7],[28,64],[39,-22],[71,77],[-3,-54],[-37,-102],[-11,-125],[-15,8],[-45,-54],[-36,16],[-66,-62],[-24,16],[-35,-66],[10,-57],[39,59],[31,0],[22,47],[32,-95],[-136,-146],[-44,-84],[27,-37],[-19,-74],[48,-11],[115,158],[71,-35],[30,-38],[3,-59],[48,-7],[-11,105],[11,76],[22,44],[36,27],[22,70],[88,125],[43,102],[-25,19],[-39,-8],[-38,-42],[-34,-68],[-47,-29],[-22,72],[-48,27],[49,75],[36,76],[44,42],[99,138],[50,110],[19,11],[28,116],[57,22],[19,84],[-6,68],[12,62],[57,-153],[-38,-99],[45,-15],[5,51],[33,84],[27,30],[58,-29],[-18,-89],[48,24],[43,-8],[16,-77],[53,22],[19,-31],[-28,-118],[-19,-39],[10,-104],[-54,-29],[6,-77],[44,-15],[29,22],[31,-72],[-10,-54],[-98,-111],[-18,8],[-20,-72],[-48,-13],[-41,31],[-26,-14],[-18,-55],[38,-66],[29,-17],[-21,-71],[-43,-1],[-42,-78],[-4,-44],[-33,-50],[-40,7],[-28,-78],[-66,-72],[-31,3],[-87,-45],[-79,-89],[-38,19],[-20,42],[-86,26],[9,58],[-92,-69],[-39,10],[-30,-51],[-49,-51],[-35,-15]],[[61656,10453],[42,-24],[19,53],[46,21],[114,21],[84,-22],[147,42],[40,3],[62,-35],[65,-11],[10,-31],[-40,-44],[-67,-113],[-81,-71],[-84,11],[-24,-17],[4,-76],[-28,-25],[-5,-81],[-30,-28],[12,-73],[-28,-11],[-63,21],[16,-64],[-31,-86],[21,-64],[54,-36],[-27,-129],[-38,-1],[21,-77],[36,-15],[-43,-63],[-38,-18],[-85,-17],[-127,12],[-18,21],[-68,158],[-34,23],[34,77],[41,36],[1,93],[-33,-56],[-28,54],[16,83],[-28,22],[-32,-21],[-78,15],[-7,29],[26,76],[43,87],[-10,29],[-56,-140],[-86,-77],[11,-35],[58,62],[12,-40],[-30,-55],[-45,-27],[-19,-52],[-93,84],[-27,6],[-42,45],[-20,47],[-37,-19],[-76,32],[-37,60],[-25,14],[-4,60],[-34,58],[-51,32],[-1,40],[37,74],[6,44],[-57,-3],[-84,63],[-15,-49],[-36,-25],[-39,25],[-64,12],[-5,62],[28,40],[-4,169],[33,92],[-9,126],[-37,-81],[-71,93],[-66,0],[-66,-27],[-21,88],[1,108],[28,88],[69,130],[21,61],[27,135],[48,120],[92,123],[36,104],[10,-7],[-2,-242],[14,-68],[-10,-77],[-68,-197],[3,-128],[68,7],[18,-64],[30,-46],[35,-89],[0,-61],[20,-89],[-11,-97],[46,-68],[-3,-61],[17,-58],[25,15],[25,-28],[26,43],[-5,42],[-37,31],[24,59],[-1,90],[40,26],[89,-60],[38,-12],[6,-76],[24,-44],[39,43],[84,-23],[34,-145],[44,-28],[11,43],[49,1],[71,-34],[34,-75],[19,73],[58,37],[107,22]],[[41701,15638],[16,43],[68,76],[40,7],[85,-17],[50,-28],[7,-120],[-42,-29],[-10,-68],[-64,52],[-28,-14],[-58,-73],[-4,-77],[-36,14],[-20,89],[9,83],[-13,62]],[[13756,15783],[-35,71],[2,96],[47,-63],[75,-140],[-30,-24],[84,-143],[-47,-92],[-52,-42],[-44,73],[-12,43],[23,71],[-30,54],[19,96]],[[11934,16297],[41,42],[44,-35],[24,15],[64,117],[5,75],[-43,-16],[-39,-67],[-10,159],[-46,22],[13,187],[-37,-90],[4,-57],[-48,43],[-57,-115],[-32,28],[-14,74],[43,57],[-69,88],[-13,119],[12,78],[-49,-16],[-53,-55],[-28,13],[-9,86],[-35,-200],[-55,108],[-45,26],[3,33],[-40,61],[-27,-55],[21,-54],[-10,-52],[-32,-10],[-47,91],[21,65],[-18,22],[15,135],[-10,122],[51,63],[18,86],[59,-11],[22,-22],[73,20],[73,41],[83,2],[-20,48],[-90,-28],[-35,-36],[-56,-6],[-34,37],[-46,-26],[-47,74],[1,53],[-68,-36],[-30,93],[-21,159],[-3,136],[-26,-19],[-49,24],[-25,58],[-36,-41],[-90,-43],[-40,5],[-18,-30],[-72,35],[-28,-18],[-21,29],[-13,66],[-31,79],[-14,70],[25,52],[30,102],[-10,58],[78,101],[-90,-42],[-50,110],[-5,-131],[-14,-63],[-50,-72],[-61,44],[-11,51],[-34,62],[-24,88],[-82,-32],[-10,98],[-53,-48],[-69,-124],[-17,-10],[-57,40],[-29,72],[63,85],[8,38],[50,91],[-67,101],[-20,154],[-60,-54],[-31,56],[22,41],[3,71],[20,48],[-1,92],[47,-7],[25,30],[26,-29],[32,57],[29,-10],[38,27],[86,-13],[16,185],[-30,54],[-142,32],[21,-44],[103,-17],[45,-58],[-9,-43],[-59,5],[-110,-85],[-14,-30],[-60,38],[-38,-39],[-65,-31],[-39,-39],[-19,59],[-29,8],[-14,45],[-55,57],[-26,84],[0,52],[-50,39],[-17,58],[13,68],[-38,21],[-13,91],[-28,55],[-4,57],[46,75],[32,-15],[52,18],[29,67],[70,16],[8,40],[36,23],[50,-24],[34,29],[43,6],[31,-47],[68,-27],[88,-58],[73,-66],[71,-41],[-8,-72],[10,-43],[59,74],[-13,-95],[70,-72],[43,-29],[70,-106],[51,7],[5,-53],[112,-19],[10,-44],[47,2],[122,-60],[72,-53],[58,-64],[39,18],[82,-26],[25,13],[118,-21],[74,-40],[26,6],[89,-72],[54,-76],[68,-23],[25,10],[42,-48],[40,-14],[113,26],[83,-90],[22,15],[7,-126],[20,-15],[23,-145],[18,-164],[28,-35],[19,-84],[23,-13],[19,-64],[14,-98],[36,-177],[54,-75],[1,-43],[63,-91],[20,-55],[63,-120],[54,-85],[-32,-77],[-55,-8],[48,-81],[41,-201],[50,-154],[58,-10],[28,-25],[41,-93],[47,-57],[92,-57],[31,13],[42,-14],[37,-68],[24,20],[20,-45],[64,-12],[8,-116],[48,6],[101,-37],[11,-69],[34,-100],[31,-44],[61,-37],[19,-114],[28,-69],[-20,-128],[27,-101],[52,-87],[24,-68],[36,-38],[27,-115],[-2,-37],[-32,-55],[55,-136],[-12,-104],[25,-69],[9,-137],[33,83],[-11,44],[26,95],[-28,39],[5,53],[51,-13],[14,-96],[-14,-39],[32,-88],[4,-161],[71,-112],[-37,-128],[-77,35],[-9,50],[-63,-125],[-34,-115],[-28,-53],[-64,24],[-36,57],[12,59],[53,-19],[0,48],[-57,-12],[-92,-56],[-54,56],[-22,-12],[-23,41],[-115,87],[-88,49],[-68,60],[-9,39],[-107,49],[-13,27],[43,64],[-9,23],[-65,-74],[-112,62],[-60,49],[-16,37],[-74,107],[-98,90],[-130,70],[-13,90],[-36,32],[-5,47],[59,92],[36,75],[26,-3],[36,128],[-5,78],[-47,44],[-45,-53],[-32,82],[-13,-47],[-60,-98],[-39,68],[10,107],[-60,32],[-4,-69],[-97,-191],[-24,14],[-47,113],[-54,56],[-21,-13],[-21,92],[-52,71],[-52,-5],[-25,69]],[[64312,13698],[68,61],[41,129],[41,68],[98,137],[84,68],[40,112],[32,36],[62,142],[53,73],[41,78],[12,95],[49,60],[73,46],[64,64],[7,69],[77,63],[-21,30],[-59,-50],[-26,37],[-32,-42],[-11,53],[-60,51],[-99,21],[-46,-57],[-61,-10],[-65,-38],[-60,38],[-69,-37],[-88,-81],[-38,-17],[23,129],[54,135],[64,94],[62,54],[71,112],[7,-27],[-44,-99],[3,-77],[77,-81],[58,-23],[58,-5],[49,198],[-26,78],[28,143],[88,274],[27,145],[-6,56],[9,86],[25,23],[13,83],[34,127],[2,35],[44,30],[3,-81],[-24,-91],[32,-17],[60,34],[78,-23],[17,-92],[49,-91],[96,-47],[-7,39],[-75,40],[-8,54],[-38,54],[3,49],[-25,34],[-3,82],[16,49],[68,-57],[34,53],[-58,12],[-31,38],[2,44],[54,-15],[35,13],[-19,62],[-32,6],[-80,58],[-32,-10],[-39,118],[23,180],[-8,30],[14,85],[38,94],[118,204],[32,9],[42,-57],[11,-64],[51,20],[43,-98],[11,41],[-58,86],[-26,13],[-55,173],[-7,138],[13,95],[24,90],[36,71],[3,106],[64,61],[-38,42],[39,67],[24,79],[-13,33],[49,156],[6,62],[43,176],[32,57],[0,88],[23,79],[37,218],[9,109],[54,216],[50,83],[-6,90],[16,56],[43,42],[12,-22],[79,-32],[22,17],[3,69],[-75,-57],[-10,90],[-61,124],[64,60],[43,13],[16,34],[70,48],[29,46],[20,80],[41,72],[9,65],[-11,136],[-49,151],[43,-7],[15,-77],[47,35],[20,123],[27,61],[-2,45],[65,86],[-17,97],[39,59],[-29,48],[64,156],[98,155],[64,54],[83,37],[164,186],[84,63],[73,102],[63,71],[46,-16],[-30,-129],[35,-103],[40,-20],[76,19],[-5,82],[7,96],[35,26],[19,-69],[31,-7],[21,65],[65,20],[47,-50],[-3,-64],[-42,-94],[-32,-31],[47,-50],[-23,-189],[-71,-98],[-21,-61],[-107,39],[-5,38],[-45,11],[-51,-22],[-46,16],[-16,-26],[-38,31],[-21,65],[-31,-25],[-25,-103],[40,-42],[23,-59],[-1,-73],[-32,-44],[80,-125],[19,65],[51,70],[82,-43],[31,-50],[-3,-211],[-32,-74],[-60,-184],[22,-14],[-6,-89],[-27,33],[-19,-77],[-61,-88],[-24,-130],[-77,-167],[-44,71],[15,254],[-33,19],[14,-182],[-17,-58],[-5,-82],[7,-101],[49,-7],[-21,-103],[-83,-139],[-8,-95],[-57,-151],[-55,-120],[-100,-412],[-63,-171],[-35,-67],[-84,-202],[-15,-108],[23,-95],[-14,-133],[-21,-112],[-36,-75],[-55,-44],[16,-45],[41,12],[25,-31],[11,-81],[-30,-167],[43,28],[42,161],[49,73],[0,64],[55,157],[30,31],[55,101],[19,-16],[37,95],[7,52],[37,65],[13,86],[63,129],[21,71],[52,78],[39,-73],[21,-120],[-23,-63],[-45,-199],[61,131],[56,55],[31,-21],[42,28],[40,-47],[36,-127],[28,-12],[25,-78],[47,64],[5,49],[70,-13],[71,85],[31,-77],[-9,-79],[-127,-143],[-34,-76],[-47,-20],[-44,-53],[-34,-13],[-40,-80],[-114,-109],[-1,-47],[-79,-126],[9,-29],[82,145],[30,9],[38,-32],[27,50],[49,-47],[-58,-125],[38,-44],[14,52],[31,-27],[-16,-74],[-27,-8],[-63,-93],[-83,-54],[-41,-125],[26,-26],[66,137],[85,25],[32,53],[37,-35],[3,-55],[27,-7],[17,159],[41,5],[18,-82],[-47,-77],[30,-60],[-14,-48],[19,-89],[35,63],[18,70],[34,65],[28,-19],[-29,-105],[16,-29],[35,86],[33,29],[20,68],[37,1],[15,-48],[-27,-36],[0,-65],[28,-36],[-27,-66],[19,-105],[16,131],[25,-13],[27,-109],[27,86],[-20,122],[-5,115],[-27,74],[30,30],[105,8],[18,-125],[-10,-74],[-45,-162],[-34,-79],[3,-191],[-51,-69],[-58,-125],[38,-47],[0,-44],[21,-121],[22,49],[-18,59],[6,100],[-12,52],[36,40],[63,111],[91,78],[-4,64],[29,6],[21,-99],[40,61],[56,-31],[9,105],[-28,33],[29,108],[15,-35],[-5,-78],[6,-121],[17,-64],[29,88],[-8,50],[19,58],[31,-14],[38,45],[53,192],[59,172],[57,25],[8,-46],[-33,-51],[38,-162],[-25,-94],[16,-200],[48,62],[-15,64],[8,72],[29,51],[56,62],[3,-72],[49,-20],[28,25],[29,-61],[3,107],[23,51],[49,9],[5,36],[46,-15],[95,-73],[27,-56],[69,-43],[72,-64],[-6,-83],[65,-30],[58,-76],[24,13],[17,-115],[-54,-87],[4,-89],[-41,-66],[1,-150],[-32,-27],[-75,-23],[-32,-84],[-60,-32],[-11,-45],[41,-42],[-38,-41],[-70,-6],[-39,-26],[28,-83],[-27,-90],[-67,19],[-17,-30],[-38,13],[-28,-73],[24,-22],[64,39],[17,30],[50,-10],[44,74],[59,-10],[23,-70],[-46,-30],[-7,-53],[-51,-142],[24,-16],[28,36],[49,-23],[31,38],[33,-8],[33,-120],[52,77],[20,-47],[-30,-53],[-54,-20],[-100,-114],[-36,-6],[8,-52],[45,28],[71,-18],[-19,-45],[-5,-73],[-28,-27],[-76,-36],[-32,-65],[-47,-38],[-15,-50],[-49,-1],[-19,30],[-46,-86],[17,-96],[22,87],[27,45],[62,-16],[37,64],[86,107],[22,-17],[-37,-156],[28,18],[32,90],[2,58],[60,110],[42,38],[13,-101],[-67,-158],[46,43],[15,-16],[32,139],[14,-139],[49,73],[15,99],[28,73],[-8,82],[34,63],[41,-16],[25,15],[26,-42],[29,-143],[24,-13],[18,89],[47,72],[7,69],[25,9],[36,111],[51,-69],[22,-89],[-2,-137],[-27,-24],[-27,-126],[9,-41],[-34,-109],[-72,-67],[-14,-66],[-37,24],[-11,41],[-85,0],[12,-56],[-26,-120],[-46,-49],[-44,-81],[-37,-23],[-27,-71],[-37,-51],[-50,-24],[-33,65],[-44,15],[-33,-29],[-41,78],[-54,23],[8,-60],[-3,-106],[22,-59],[-7,-106],[51,-9],[141,2],[-3,-74],[-90,-64],[-98,25],[13,-35],[86,-33],[110,74],[29,-5],[1,-73],[-34,-89],[-5,-59],[-34,-85],[-3,-82],[-55,-175],[-64,137],[38,-245],[-17,-27],[39,-72],[35,-125],[25,40],[10,95],[29,14],[1,-68],[-32,-124],[74,-83],[11,-54],[48,-25],[4,57],[-17,130],[12,42],[39,22],[-12,50],[31,72],[-20,36],[-2,76],[22,34],[14,108],[27,111],[33,43],[26,82],[5,71],[31,115],[89,79],[65,-10],[80,135],[34,142],[17,25],[43,-52],[24,-124],[-53,-6],[-44,-111],[14,-51],[-18,-67],[-55,-96],[0,-137],[-27,-105],[-44,-61],[-2,-59],[-35,-81],[16,-49],[-8,-79],[-24,-98],[-44,-33],[2,-47],[40,-98],[29,-18],[-4,-63],[-30,-126],[29,-80],[15,57],[25,-8],[15,-64],[27,112],[104,146],[26,18],[27,126],[20,59],[6,138],[14,70],[24,184],[30,-46],[2,-52],[38,-10],[12,-139],[-17,-59],[47,-45],[1,-78],[-24,-175],[43,-23],[-8,-72],[-45,-57],[34,-62],[-46,-100],[-22,-174],[-15,-51],[-52,-25],[4,-62],[-15,-99],[-5,-117],[-42,-146],[35,-75],[-31,-110],[2,-126],[-40,-212],[8,-64],[-10,-58],[-68,-95],[-16,-112],[-27,-107],[-65,-38],[-34,12],[-35,112],[1,51],[-25,73],[-16,-71],[-46,37],[-26,-31],[-43,-106],[-52,-102],[-46,-8],[-28,50],[-20,104],[-1,90],[27,68],[-29,83],[-6,90],[41,127],[28,54],[5,49],[-54,23],[5,65],[-18,57],[55,125],[-12,46],[35,65],[-5,35],[19,75],[-56,41],[-14,-115],[-18,-44],[-36,-11],[-19,-34],[-8,-82],[-49,-44],[-22,-101],[-31,-82],[-14,-2],[-36,-134],[-27,-7],[-12,-74],[-41,-22],[-36,-86],[-38,11],[-60,81],[-7,106],[14,68],[3,81],[23,136],[34,98],[20,93],[12,118],[34,137],[34,30],[-26,64],[8,70],[33,15],[58,101],[-39,73],[56,58],[-62,99],[23,117],[5,207],[-23,12],[-19,117],[12,68],[-15,25],[-11,116],[-32,23],[10,68],[-35,-9],[-37,79],[-79,55],[-11,-132],[-69,-239],[-22,-104],[-30,-83],[-39,-164],[-37,-68],[41,-96],[-40,-84],[-30,6],[-75,-147],[-18,63],[63,138],[62,255],[-25,-19],[-7,-49],[-56,-195],[-53,-105],[-105,-36],[-35,23],[-15,60],[-73,-156],[-19,-89],[-79,-137],[-15,-52],[37,-57],[-4,-31],[-44,-46],[6,80],[-21,30],[-24,-21],[30,-59],[-2,-103],[16,-47],[-30,-93],[-66,-11],[3,-57],[-12,-96],[-31,-63],[7,-33],[-41,-65],[-39,-10],[-32,-57],[-79,0],[-36,84],[-41,13],[-52,-89],[-47,-42],[-77,18],[-22,-18],[-50,60],[-62,45],[-16,99],[9,74],[54,99],[41,94],[35,8],[27,61],[48,-10],[28,-32],[16,42],[56,22],[54,55],[17,-24],[29,126],[22,7],[20,66],[19,-7],[38,56],[20,99],[32,263],[42,57],[38,82],[53,41],[50,9],[69,33],[79,128],[-13,57],[27,61],[78,88],[-3,36],[-99,-84],[-7,-20],[-84,-80],[-46,14],[-60,-48],[-32,40],[6,90],[-44,-12],[-29,52],[-38,-24],[-30,50],[-25,-42],[-22,67],[18,27],[-1,75],[-65,-42],[16,-71],[-39,-109],[35,13],[17,-53],[-25,-32],[32,-71],[-7,-153],[-16,-43],[-66,-41],[-28,15],[-37,-83],[-5,76],[-24,18],[24,97],[-2,66],[-43,-31],[-2,-67],[-42,25],[4,-60],[-52,-62],[-61,46],[-1,49],[42,151],[-28,10],[-29,-65],[-54,-10],[-32,-74],[-47,-2],[-58,-71],[-32,37],[-8,75],[142,73],[66,61],[33,84],[-56,99],[29,98],[51,62],[12,69],[-12,126],[7,39],[36,62],[-38,64],[-26,-171],[-6,-79],[-50,-44],[-58,-11],[0,-37],[-30,-43],[-5,-44],[-31,-8],[-29,67],[-31,7],[7,-158],[-54,-67],[-83,-6],[-45,-51],[-111,28],[-53,5],[-49,-25],[4,-38],[-51,-20],[-71,-99],[-29,4],[-86,86],[-51,39],[-50,-42],[-48,3],[-29,92],[-43,-47],[-88,-17],[-4,119],[-94,-30],[-82,28],[-20,-47],[-32,0],[-52,37],[-18,53],[-26,-53],[-32,-17],[-37,43],[-41,15],[6,77],[-33,13],[-3,-56],[-97,46],[-123,-35],[-69,7],[-17,56],[17,104],[-27,-6],[-29,-52],[2,-78],[-39,-103],[-46,27],[-48,-13],[-82,-68],[-29,10],[-31,-42],[-123,-19],[-13,15],[-108,-70],[-55,13],[-52,-27],[-14,41],[-34,21],[-13,45],[-49,73],[-7,110],[12,80],[-2,69],[-25,37],[3,101],[-28,44],[-8,50],[-26,39],[6,66]],[[8124,26819],[62,-63],[0,-36],[-59,-7],[-25,59],[-8,91],[7,65],[34,54],[60,130],[33,18],[2,49],[89,60],[7,33],[54,-37],[41,-58],[65,-164],[3,-58],[-38,-111],[-44,-48],[-7,-115],[-55,3],[-21,42],[-50,-23],[6,82],[-44,51],[-47,112],[-54,-36],[-11,-93]],[[8497,27132],[-3,47],[30,56],[20,-26],[25,-104],[-14,-72],[-47,34],[-11,65]],[[6254,27611],[68,-2],[9,-58],[-26,-25],[-33,28],[-18,57]],[[65084,27313],[43,-37],[-57,-73],[-82,-29],[-8,64],[52,63],[52,12]],[[8453,27369],[-10,45],[26,72],[27,-12],[53,-83],[-29,-71],[-43,-2],[-24,51]],[[8060,27369],[-36,63],[21,66],[44,-17],[75,-111],[-5,-59],[-76,20],[-23,38]],[[49061,24513],[-14,30],[-50,3],[-37,46],[0,65],[-21,23],[47,64],[-16,103],[-36,-20],[-62,67],[45,79],[-20,92],[7,128],[-10,71],[42,26],[0,142],[-19,35],[-32,114],[24,125],[-33,45],[-4,81],[-79,35],[0,43],[-38,33],[29,55],[59,49],[5,51],[60,-49],[11,49],[-37,71],[-41,-19],[24,120],[-38,0],[-4,48],[29,44],[-68,17],[-18,50],[69,23],[-25,39],[21,61],[-6,83],[22,23],[55,-17],[11,64],[-97,10],[-25,80],[14,35],[54,45],[-58,27],[34,84],[-26,63],[83,23],[-83,60],[-54,109],[64,45],[-39,87],[17,48],[-92,-8],[-20,49],[-55,-23],[-51,21],[11,43],[53,40],[-30,65],[-43,4],[-33,41],[1,53],[-37,68],[-23,176],[47,0],[25,30],[157,66],[65,9],[42,-30],[43,116],[-42,1],[-13,-52],[-71,2],[-24,-41],[-36,-3],[-33,-46],[-112,-47],[-33,43],[-23,74],[4,78],[-32,135],[-1,66],[-23,60],[-59,-4],[-52,88],[87,103],[29,52],[25,-5],[52,43],[25,-2],[33,51],[38,-10],[91,85],[29,0],[144,90],[22,-12],[35,80],[76,86],[44,-6],[55,62],[26,1],[138,145],[89,45],[59,47],[53,102],[72,88],[21,41],[75,63],[51,65],[42,25],[54,80],[50,31],[55,138],[72,116],[34,4],[72,117],[59,121],[78,104],[9,43],[41,38],[42,74],[32,99],[26,8],[30,108],[-31,12],[100,198],[6,41],[86,192],[42,41],[26,158],[52,31],[33,72],[4,90],[50,153],[81,-19],[105,-83],[45,-15],[67,20],[78,-33],[51,3],[17,49],[41,19],[42,-32],[-6,151],[-122,153],[-38,10],[-42,60],[-8,84],[-59,25],[-17,89],[48,6],[15,71],[-54,8],[-26,121],[12,68],[-45,45],[-21,-77],[20,-77],[-54,-94],[37,-73],[-25,-53],[46,-35],[-11,-73],[-45,-63],[-8,-58],[-37,-20],[10,-60],[-36,-29],[15,-89],[-91,17],[-8,52],[29,29],[-9,79],[61,134],[13,150],[6,213],[-21,22],[-4,96],[11,42],[8,214],[-6,50],[5,368],[-15,194],[-14,59],[5,144],[-7,111],[17,84],[-24,94],[-8,128],[-52,364],[-30,98],[-13,90],[-45,77],[-17,125],[-25,59],[-18,102],[5,66],[-15,83],[-21,29],[-35,163],[-24,25],[-31,102],[2,38],[-42,54],[-35,127],[-52,93],[-73,180],[-72,90],[-19,-3],[-33,88],[-53,34],[1,77],[-27,30],[-6,76],[-52,-6],[-74,111],[-31,-1],[-126,103],[-26,34],[-43,5],[-49,51],[-28,58],[11,73],[-80,57],[-58,91],[-6,39],[-61,11],[-10,76],[-26,68],[-64,53],[67,-157],[-60,22],[-39,107],[-9,61],[-72,91],[60,20],[-7,148],[26,44],[52,-138],[25,70],[-87,81],[-29,80],[-41,219],[3,48],[37,41],[37,-86],[69,24],[49,42],[-11,42],[22,59],[29,14],[-27,151],[74,-8],[11,78],[36,35],[0,59],[-25,54],[45,51],[9,71],[80,50],[22,67],[93,9],[9,70],[55,42],[8,67],[70,124],[-45,-6],[-77,44],[-68,-46],[13,72],[46,-11],[-24,119],[5,63],[36,34],[48,3],[21,52],[173,-83],[37,-94],[38,103],[-21,79],[-55,-7],[-9,-53],[-43,-3],[-117,77],[11,34],[-39,109],[-27,116],[42,17],[109,-58],[27,9],[88,-72],[-2,90],[-53,15],[35,69],[-55,68],[85,30],[10,56],[134,33],[-41,50],[-54,192],[3,55],[39,60],[57,44],[-32,52],[10,37],[-51,40],[-36,60],[-48,-38],[-69,-8],[-31,41],[0,110],[97,62],[-58,81],[36,80],[0,71],[-47,48],[24,42],[-44,51],[-43,133],[-55,2],[-41,84],[60,62],[-1,55],[37,64],[49,23],[8,92],[50,-2],[2,49],[-64,1],[-52,-46],[-44,46],[-9,42],[-55,28],[-20,62],[-5,83],[103,82],[22,101],[28,34],[-54,49],[-62,16],[-83,-77],[-11,85],[-61,-18],[-51,30],[-141,-13],[-2,45],[27,106],[95,172],[64,71],[2,51],[58,90],[67,40],[8,116],[-5,94],[49,86],[30,-3],[5,71],[-37,29],[17,60],[-26,157],[12,86],[-45,161],[15,42],[60,-57],[60,-112],[14,46],[-64,44],[14,83],[57,-9],[48,40],[-84,80],[-20,42],[48,30],[108,-38],[-8,48],[-71,49],[-6,42],[-98,-2],[-2,49],[-38,61],[-13,79],[-79,15],[-36,-13],[-64,106],[6,79],[-28,68],[-25,120],[-4,198],[-46,126],[-7,264],[-19,34],[22,182],[-14,53],[25,108],[-1,59],[42,103],[113,69],[9,70],[86,19],[39,67],[38,11],[21,63],[51,52],[42,11],[45,61],[3,43],[74,14],[35,-52],[279,-65],[77,24],[46,-33],[42,1],[75,-45],[66,-57],[35,-70],[40,12],[204,-81],[72,-65],[60,-12],[78,-82],[52,23],[56,-63],[172,-57],[66,-81],[-86,-51],[-43,-69],[-39,-3],[-61,-62],[50,-32],[15,56],[44,3],[77,81],[83,62],[8,39],[64,95],[76,16],[53,-52],[103,-24],[50,-39],[86,-8],[41,-28],[52,-69],[87,-144],[81,-80],[1,50],[-79,143],[22,105],[80,9],[73,-36],[93,11],[78,55],[26,93],[50,40],[37,-16],[85,59],[50,51],[59,127],[59,53],[94,53],[31,-5],[46,-83],[13,-59],[48,-81],[28,31],[94,-43],[51,-93],[87,-25],[17,-39],[-19,-57],[120,-150],[0,-55],[58,-7],[113,-122],[69,44],[45,-16],[66,-55],[9,-64],[-25,-31],[32,-116],[-11,-109],[-49,-13],[31,-143],[25,115],[61,-49],[21,11],[77,-67],[101,-21],[66,-73],[5,-61],[30,-43],[-61,-90],[9,-56],[69,58],[69,-86],[12,-81],[25,-27],[-27,-114],[-77,-98],[76,1],[41,25],[14,92],[26,33],[15,116],[68,-22],[106,-88],[27,5],[68,-82],[27,-88],[-26,-36],[-123,-40],[-49,-40],[3,-57],[35,-68],[-49,-41],[-55,-18],[26,-54],[49,12],[32,-32],[64,-5],[-30,-129],[-31,-66],[-9,-80],[77,-30],[40,-32],[-32,-97],[147,28],[-10,-92],[39,-67],[143,25],[102,-85],[81,7],[36,-29],[66,-96],[96,27],[63,-117],[96,-20],[-17,46],[49,61],[23,-55],[65,99],[33,-34],[25,59],[39,-7],[27,-63],[73,45],[17,-46],[-37,-136],[53,-98],[-7,-74],[15,-147],[30,-36],[39,1],[20,-49],[53,-49],[-13,111],[52,25],[72,120],[14,-94],[68,0],[12,101],[-38,66],[9,167],[59,122],[73,-28],[46,-243],[19,-63],[41,-29],[-22,-91],[24,-135],[-42,6],[6,-64],[-164,-131],[0,-41],[-59,-30],[22,-90],[-15,-33],[47,-119],[-59,-94],[-60,5],[-21,-48],[47,-123],[28,-18],[-38,-84],[30,-26],[24,-82],[-57,-133],[65,-47],[-3,-61],[67,-79],[3,-133],[-30,-58],[25,-52],[-20,-39],[-87,-95],[-74,31],[-5,-165],[-40,28],[-151,36],[-37,-13],[-96,25],[-28,-41],[-90,-4],[-98,-29],[-57,19],[-23,50],[-70,-8],[-65,23],[-137,106],[9,-43],[39,-18],[92,-75],[221,-100],[109,30],[82,-5],[38,31],[37,-53],[78,-31],[121,15],[37,-27],[69,31],[52,-3],[11,-86],[-22,-47],[48,-34],[99,-45],[-33,-65],[14,-52],[-18,-65],[28,-113],[-62,-61],[0,-41],[105,-42],[-11,-117],[-32,-55],[-64,-11],[-24,-68],[-61,-102],[7,-61],[36,8],[29,-51],[11,-131],[17,-30],[-11,-74],[-70,-17],[-24,-75],[120,7],[52,22],[62,69],[84,-36],[-8,-74],[38,-4],[35,61],[20,-52],[11,-160],[-38,-31],[-74,24],[11,-82],[-45,-1],[-22,65],[-42,-51],[-28,-129],[16,-54],[59,-35],[48,45],[22,-74],[-84,-135],[-11,-166],[20,-101],[-5,-51],[-57,-49],[-20,-116],[-80,-33],[-26,32],[-13,136],[23,101],[-12,73],[-32,61],[-51,37],[-26,98],[-30,-144],[29,-35],[21,-105],[7,-174],[-76,5],[-70,-57],[-37,34],[-38,-122],[41,-73],[56,84],[36,1],[-23,-140],[9,-48],[58,45],[49,-23],[-45,-49],[-19,-55],[3,-69],[38,-76],[44,93],[23,118],[38,67],[28,-6],[25,119],[30,44],[53,1],[50,49],[29,66],[-6,41],[67,58],[28,-5],[31,58],[42,-22],[44,21],[68,-22],[43,15],[46,-50],[70,23],[74,70],[16,-49],[63,11],[63,-9],[32,-80],[60,-96],[90,-81],[-26,-122],[17,-72],[28,-23],[-4,-214],[37,6],[3,-106],[77,-3],[94,-60],[24,15],[12,107],[44,-8],[14,-107],[33,-42],[-38,-143],[32,-85],[-8,-43],[58,-136],[-25,-83],[25,-11],[20,200],[-15,29],[29,221],[68,-44],[10,-100],[-33,-215],[42,-82],[36,-21],[-17,-104],[61,-18],[50,106],[60,97],[63,-49],[21,80],[101,61],[8,47],[55,37],[39,-26],[18,32],[-13,89],[54,3],[11,81],[51,78],[26,3],[24,-59],[-21,-48],[34,-52],[34,55],[3,106],[77,4],[19,-36],[43,59],[-22,58],[28,81],[8,103],[35,66],[36,153],[40,15],[19,110],[-11,91],[32,42],[57,32],[67,-116],[20,1],[60,-128],[35,-27],[8,-75],[63,-94],[40,15],[-5,-69],[45,-8],[-11,119],[-62,31],[-17,49],[6,111],[-26,30],[-16,72],[46,102],[40,11],[100,-83],[55,74],[-133,52],[-22,83],[58,25],[61,64],[-34,84],[79,-34],[71,-79],[14,62],[-81,52],[60,133],[53,-35],[12,-64],[33,13],[-23,84],[80,30],[110,-58],[6,46],[-70,5],[-53,40],[-102,-36],[-17,89],[-54,98],[21,94],[-37,65],[-1,80],[34,32],[55,-56],[57,2],[38,78],[-39,32],[-11,89],[-24,80],[42,8],[81,-92],[8,171],[-45,2],[60,103],[124,47],[-6,30],[-63,15],[-28,-29],[-47,157],[8,33],[-58,161],[-22,99],[-1,95],[55,20],[31,120],[34,-2],[51,121],[33,-71],[41,16],[8,72],[36,52],[20,152],[25,-6],[-24,127],[20,94],[59,-5],[-26,75],[78,145],[8,52],[57,45],[-45,29],[4,86],[27,47],[78,70],[6,31],[-40,80],[12,24],[100,-68],[70,7],[123,-137],[41,-23],[-25,-48],[15,-85],[47,-29],[0,-71],[-26,-14],[-67,-84],[-4,-89],[105,-73],[-26,-78],[-4,-166],[-27,11],[-60,-80],[29,-18],[39,67],[39,8],[-4,54],[50,96],[-12,68],[44,57],[79,-63],[8,-111],[-77,-21],[20,-44],[86,-106],[-42,-96],[23,-138],[22,127],[43,52],[26,-53],[-16,-36],[21,-107],[64,-62],[-47,-82],[-27,3],[-48,-56],[-46,16],[2,54],[-26,33],[-4,60],[-59,26],[24,-90],[39,-54],[17,-61],[97,-18],[76,18],[-31,-88],[-40,-5],[-25,-97],[-6,-79],[31,-6],[7,123],[23,20],[45,-34],[45,6],[14,-89],[92,-87],[23,-75],[-31,-46],[-6,-83],[-49,-75],[-41,19],[-18,-41],[37,-42],[96,-35],[8,-108],[61,96],[29,-27],[59,-5],[19,-65],[-8,-104],[-58,-103],[12,-25],[65,80],[17,57],[70,20],[-24,-155],[44,-13],[-34,-172],[-33,-51],[-55,-21],[-55,-67],[-47,11],[-93,-32],[10,-86],[83,63],[75,-12],[74,83],[54,45],[115,-56],[30,-36],[49,5],[-4,-51],[-69,-37],[9,-77],[51,-17],[-8,-95],[-30,-91],[-90,-31],[14,-40],[74,22],[35,30],[39,-15],[26,46],[36,11],[32,-39],[16,-102],[30,-2],[33,-68],[-16,-115],[-77,-95],[39,-15],[70,40],[27,-83],[-20,-75],[-45,-51],[18,-45],[-161,-122],[-2,-52],[-95,-55],[-54,7],[-37,-105],[-41,-61],[-15,-60],[-98,-113],[22,-20],[65,60],[40,58],[52,114],[32,46],[108,36],[34,-40],[-25,-143],[37,38],[3,58],[36,27],[46,-11],[42,63],[19,-19],[65,71],[32,-27],[81,-1],[23,34],[59,-61],[-35,-94],[-30,-46],[26,-99],[-12,-26],[15,-94],[-56,-29],[33,-112],[44,-44],[-25,-31],[-32,-99],[-30,-7],[-88,28],[-112,-49],[-52,-34],[-29,-75],[-49,-36],[-35,-1],[2,-150],[50,110],[71,32],[40,86],[89,27],[67,-44],[22,54],[33,-18],[43,18],[52,-60],[26,17],[-16,107],[36,19],[42,-28],[-30,-83],[-33,-44],[100,-30],[-5,-114],[54,43],[16,-89],[-36,-47],[-48,-26],[-81,19],[-45,-25],[-29,-60],[95,40],[63,-32],[40,3],[66,-37],[62,-61],[45,112],[48,-73],[9,-120],[53,71],[58,-1],[49,-150],[-18,-91],[-53,-40],[-50,72],[-92,-22],[34,-54],[65,7],[53,-157],[-7,-72],[47,-13],[7,-105],[-45,-42],[-45,18],[-68,-100],[-12,-72],[-57,-35],[-54,45],[-88,-206],[-38,60],[-62,27],[20,-80],[29,-6],[58,-67],[58,53],[37,-3],[39,60],[62,-32],[34,6],[36,-48],[38,-11],[128,-122],[-35,-47],[-34,-81],[23,-73],[61,-104],[-40,-34],[-29,44],[-56,25],[-31,-38],[53,-37],[32,-83],[22,-15],[34,48],[86,-39],[-29,-38],[60,-40],[29,38],[42,-11],[62,21],[23,-46],[43,-4],[34,-96],[-12,-53],[15,-110],[-7,-72],[-62,-33],[-27,21],[-68,-68],[-2,-95],[-61,-57],[-8,-167],[-29,-30],[-30,31],[-62,-49],[-77,45],[-11,-52],[23,-116],[23,60],[73,-10],[41,-33],[19,-47],[-31,-59],[-54,39],[-12,-51],[29,-33],[97,-39],[-19,-80],[-47,26],[-100,-5],[-53,29],[20,89],[-69,-45],[-120,91],[-89,23],[-74,64],[-14,-60],[159,-61],[54,-53],[45,-82],[45,20],[53,-14],[3,-46],[-77,25],[-136,8],[-16,-40],[92,-9],[83,-28],[27,-23],[63,34],[85,-70],[56,13],[4,-51],[38,-34],[-22,-50],[-42,-29],[-61,-13],[-52,27],[-77,-6],[8,-82],[-69,-14],[-38,33],[-57,-24],[71,-93],[22,30],[180,-47],[-4,-71],[25,-53],[2,-66],[96,8],[36,-67],[5,-44],[-99,-57],[-45,23],[10,63],[-54,-4],[-33,29],[-39,-49],[-53,49],[-48,-12],[28,-86],[4,-58],[72,-25],[97,5],[16,-40],[79,56],[94,-13],[20,-58],[36,10],[75,60],[60,-93],[-47,-10],[18,-51],[14,-107],[-53,-27],[-36,-55],[15,-44],[104,82],[44,-76],[-22,-52],[-98,-3],[7,-89],[-49,38],[-4,-46],[49,-40],[55,21],[169,-4],[33,-73],[8,-96],[-51,-15],[-27,54],[-51,-5],[-9,28],[-71,19],[-76,-2],[-85,-63],[14,-47],[66,0],[22,57],[114,21],[30,-20],[23,-90],[23,2],[50,-54],[54,11],[20,27],[64,10],[32,-32],[87,13],[34,-39],[-10,-118],[-36,-67],[10,-62],[42,47],[32,84],[11,66],[39,2],[-10,-93],[21,-57],[7,-100],[-52,-74],[1,-46],[60,-21],[6,73],[44,183],[-1,58],[27,54],[35,-31],[97,-32],[-5,-67],[-50,-122],[15,-46],[-86,-16],[-24,-70],[67,-6],[27,-36],[-16,-79],[-3,-106],[59,110],[14,-47],[-7,-65],[-49,-149],[-44,-31],[-17,-61],[22,-57],[73,207],[43,-53],[19,103],[48,-68],[12,-60],[-7,-70],[-84,-10],[-36,-53],[-21,-71],[7,-61],[-19,-30],[-2,-90],[-51,-17],[-7,-39],[-52,-56],[2,-56],[-114,-155],[-77,-131],[-59,-59],[63,-48],[42,46],[71,-33],[39,94],[40,27],[48,65],[14,105],[77,33],[12,53],[68,126],[38,-1],[18,48],[86,-30],[-14,-181],[-45,-113],[-78,-70],[-8,-63],[-31,-21],[9,-86],[48,98],[94,133],[24,113],[40,119],[70,15],[28,23],[39,73],[11,52],[41,2],[52,-74],[-12,-138],[-46,-41],[-19,-42],[-119,-77],[13,-33],[71,14],[52,-28],[12,58],[60,22],[30,-65],[29,29],[-9,47],[75,32],[7,78],[21,36],[16,-110],[47,-29],[-20,-94],[-28,-13],[-17,-123],[-22,-43],[-29,4],[-29,-70],[-23,-7],[-59,-76],[-14,-73],[-28,-63],[-54,-40],[-17,-84],[32,-17],[-44,-186],[51,68],[2,99],[18,117],[24,42],[122,141],[112,178],[23,66],[23,-51],[82,201],[19,110],[47,43],[19,-28],[47,47],[-6,-162],[-23,-56],[-58,-31],[-39,-140],[-34,-37],[18,-45],[57,76],[-6,65],[103,114],[32,3],[42,60],[18,-81],[31,-42],[6,-56],[-49,-81],[19,-96],[66,-79],[-31,-96],[45,-30],[-35,-132],[34,-11],[30,-46],[42,47],[56,12],[56,-75],[96,-33],[98,-122],[26,42],[-23,44],[65,48],[36,-15],[39,18],[34,145],[39,34],[34,0],[96,97],[31,-10],[-6,-82],[-23,-5],[-13,-89],[93,-80],[-79,-37],[-31,-59],[-120,-22],[88,-35],[34,1],[52,42],[82,-25],[33,-59],[13,-68],[31,-15],[19,-77],[56,-24],[82,57],[79,-13],[20,-148],[23,43],[28,-64],[-28,-52],[6,-87],[-59,-46],[-116,-9],[-49,9],[4,-52],[65,25],[77,10],[31,-72],[-84,18],[16,-62],[-53,-38],[-35,-75],[-54,-19],[-32,30],[-53,10],[-37,30],[-117,-43],[-30,-26],[-40,9],[-73,-30],[6,-50],[50,-48],[-112,-85],[7,-66],[-116,-23],[-32,8],[-39,-57],[-70,-16],[-40,-90],[-52,-39],[-86,-34],[-58,30],[-43,-35],[-181,-83],[-59,-21],[-131,-119],[-78,22],[-63,-8],[-3,-32],[56,-19],[0,-48],[51,25],[50,-9],[126,88],[80,44],[74,8],[183,111],[31,38],[110,73],[50,66],[62,15],[42,67],[36,-9],[-52,-126],[2,-32],[-48,-43],[-12,-52],[-34,-43],[-9,-51],[-33,-60],[-82,-28],[-118,40],[-79,3],[25,-58],[-34,-119],[-59,-45],[-28,18],[-80,-40],[-131,-117],[-8,-30],[-53,-29],[-42,-51],[-66,-27],[-208,57],[-48,-53],[56,-17],[-11,-58],[-68,17],[-140,-90],[38,-70],[-40,-79],[6,-78],[-24,-59],[32,-146],[-37,-40],[21,-94],[39,11],[20,-131],[-37,37],[-45,15],[-30,-44],[-70,-53],[-28,-59],[-22,12],[-22,-112],[41,-9],[72,43],[22,-61],[96,10],[30,77],[52,89],[12,60],[65,78],[-3,55],[-34,57],[56,33],[39,-61],[37,-6],[27,45],[33,-23],[60,11],[84,106],[22,69],[51,52],[7,54],[39,12],[13,75],[44,-40],[25,29],[30,-46],[87,41],[-8,58],[57,1],[0,96],[-30,88],[27,55],[31,20],[73,117],[19,5],[8,128],[133,35],[14,29],[69,34],[11,46],[41,-5],[52,46],[43,-10],[48,68],[91,16],[44,70],[47,16],[122,-75],[57,24],[45,-33],[19,59],[-50,32],[-49,3],[-24,-24],[-40,51],[-85,31],[-49,2],[-58,-49],[-16,-48],[-61,57],[-39,8],[-10,69],[26,103],[65,3],[100,76],[29,-30],[56,34],[59,-43],[72,-13],[29,-27],[37,42],[36,-37],[88,16],[37,-50],[74,24],[72,-39],[23,-55],[11,-129],[66,-212],[72,-125],[-19,-40],[4,-78],[53,-109],[50,-20],[8,-44],[-41,-44],[-21,-72],[28,-41],[-165,-165],[-103,-65],[26,-29],[9,-56],[49,19],[28,-79],[-16,-47],[28,-64],[-10,-138],[65,99],[16,-1],[56,87],[16,45],[-23,100],[71,103],[-10,35],[52,69],[32,72],[36,3],[42,-47],[19,59],[41,-8],[76,40],[22,-61],[48,77],[66,10],[33,30],[33,-17],[14,-51],[-10,-66],[-58,-3],[-59,-75],[-51,-20],[21,-46],[33,-7],[65,-65],[74,-8],[22,34],[39,-2],[65,-125],[71,37],[31,-34],[67,5],[33,-124],[-20,-49],[-34,24],[1,46],[-53,8],[-51,54],[-66,5],[2,-50],[39,-10],[40,-74],[33,-7],[68,-56],[6,-95],[117,-120],[16,-79],[-13,-51],[73,-104],[29,-93],[-37,-30],[-4,-72],[38,-90],[-62,-85],[-28,-12],[-36,-132],[-34,-37],[-35,-5],[-33,39],[-17,-78],[38,14],[105,-84],[-16,-40],[34,-39],[26,-88],[5,-119],[-79,-35],[-56,-7],[6,-48],[-34,-31],[-15,40],[-42,10],[-64,55],[0,-40],[41,-34],[2,-46],[41,3],[61,-114],[22,-88],[50,-4],[69,48],[40,-49],[-5,-163],[-69,-13],[-73,70],[-20,-65],[-52,-27],[-39,90],[-27,-40],[55,-26],[-4,-53],[65,36],[41,42],[45,-49],[-20,-70],[-53,32],[-40,-38],[-44,38],[-55,-56],[41,-25],[31,14],[50,-83],[39,20],[33,-13],[43,21],[44,-34],[69,-143],[30,16],[18,-69],[-11,-130],[-65,23],[-25,33],[-43,-88],[18,-100],[69,-24],[-15,-65],[10,-36],[58,-33],[-7,-51],[-74,3],[14,-49],[5,-97],[17,-9],[-9,-104],[-50,-34],[-18,-87],[-49,-38],[-47,-14],[11,-100],[-59,-104],[-26,-17],[-101,-141],[-78,-131],[-41,-19],[-41,12],[5,-55],[-54,-45],[-28,0],[-46,-98],[-40,-27],[-50,-74],[-70,-11],[-13,-134],[-38,-45],[-23,-68],[-30,-4],[10,-78],[-41,-24],[-67,-1],[9,-74],[-43,-50],[-86,-3],[-21,23],[-32,-42],[-56,112],[9,76],[-20,14],[-118,-47],[-46,-94],[-37,31],[-64,-61],[-48,24],[-30,-22],[-5,87],[-32,24],[-28,-140],[-45,-12],[-48,-54],[-5,-39],[-43,-35],[-24,-58],[-33,4],[-34,-56],[-62,-12],[-13,-28],[-54,-25],[-18,45],[-41,-53],[-44,67],[-35,-16],[-16,63],[-49,-46],[-67,-124],[-30,-2],[-22,-65],[30,-44],[-10,-80],[-81,-111],[-93,-55],[11,-102],[-52,-91],[-24,3],[15,128],[-31,-14],[-18,-83],[8,-192],[-19,-42],[-4,-76],[28,-60],[-44,-126],[-36,-60],[-57,101],[-13,-56],[-66,-64],[-37,43],[12,-106],[-52,-19],[-16,-107],[-45,-7],[-12,-61],[-38,-2],[-14,-147],[-27,7],[-14,-81],[-24,-2],[-18,-105],[-60,-20],[-61,-67],[-54,-10],[-16,-44],[-52,-80],[13,-27],[39,11],[8,-82],[-57,-83],[-21,8],[-67,-98],[-64,3],[-54,-74],[-48,123],[-30,-104],[-30,23],[-6,119],[40,85],[-40,30],[-13,-124],[11,-70],[-13,-68],[-37,35],[-18,-56],[-27,72],[-93,-29],[-15,-53],[-38,-12],[-36,35],[-33,-9],[-55,47],[-10,-59],[-24,-18],[-35,67],[-30,-44],[-89,-9],[-33,44],[-19,-33],[-68,-50],[-91,9],[-82,-26],[-78,-47],[-148,-131],[-70,-31],[-2,97],[-48,-9],[1,94],[-16,50],[-31,20],[-3,49],[-74,16],[-15,-23],[-43,11],[-34,-17],[-59,40],[-45,-14],[-26,45],[-73,63],[-43,-27],[-24,35],[-19,-61],[-31,30],[-92,-13],[-19,21],[-39,-18],[-47,22],[-25,54],[-57,-52],[-49,22],[-29,-24],[-35,70],[-56,-14],[-8,-52],[-73,27],[-19,-21],[10,-80],[-99,-39],[-20,20],[-46,-10],[-14,-58],[-46,17],[-6,73],[-67,30],[-35,-37],[-39,56],[-82,63],[-31,-19],[-21,34],[-70,-14],[-45,15],[-55,-33],[-47,10],[-58,-78],[-136,62],[-69,72],[-49,-3],[-43,-66],[-64,-17],[-59,4],[-38,-25],[-29,18],[-65,-31],[-51,22],[-25,-19],[-50,39],[-162,18],[-34,31],[-35,-20],[-27,21],[-121,-38],[-25,-28],[-54,-2],[-107,-34],[-48,15],[-15,-31],[-75,75],[-56,-16],[-50,-138],[-50,-1],[2,-58],[-35,8],[-51,47],[-78,-20],[-34,-39],[-38,73],[2,98],[-37,12],[-59,-84],[-9,-40],[19,-112],[37,-6],[11,-72],[-59,55],[-41,-8],[-72,-57],[-39,-93],[-8,-75],[-64,-52],[-39,2],[-55,-52],[-30,-101],[5,-77],[-24,-47],[-5,-73],[-32,-86],[-38,54],[-34,-73],[-26,-86],[-4,-65],[6,-166],[-18,-32],[-37,-138],[3,-245],[-6,-47],[-51,-92],[-4,-66],[-56,-155],[-58,12],[-112,-4],[-61,-46],[-36,10],[-42,-15],[-40,-63],[-61,49],[-43,-28],[-77,7],[-21,-63],[-39,39],[-4,-89],[-15,-66],[-77,-28],[-10,-45],[65,-36],[-7,-112],[-33,-22],[-58,9],[-27,-23],[-49,-85],[-47,-6],[-19,59],[-32,10],[-40,-28],[-47,-123],[1,-139],[-20,-66],[-81,-43],[-58,-79],[-11,-35],[-61,-45],[-17,-73],[-93,-56],[8,-45],[-23,-107],[1,-97],[-36,-157],[-14,-29],[-37,48],[-29,-28],[-39,-127],[-10,-134],[-50,-165],[-37,-55],[7,-47],[-23,-69],[-57,-75],[-13,-54],[-52,-45],[-49,-129],[-31,-55],[-97,22],[-35,46],[-28,138],[-54,17],[-32,45],[-44,20],[-56,-16],[-67,60],[-145,185],[-36,-21],[-103,49],[-36,-15],[-33,20],[-45,-22],[-24,107],[-41,14],[-30,-26],[-42,53],[-74,29],[-12,-22],[74,-72],[56,-36],[28,11],[34,-49],[-84,-70],[23,-43],[69,52],[43,-14],[37,22],[54,0],[164,-40],[18,-37],[108,-112],[7,-69],[25,22],[50,-31],[25,21],[52,-9],[50,-28],[22,-39],[25,-117],[25,-33],[101,-44],[7,-54],[-41,-79],[-2,-127],[-27,-123],[-4,-65],[-48,-116],[-30,-139],[-4,-73],[-41,-36],[-17,-81],[-116,-145],[-11,-63],[-41,-78],[-6,-108],[-24,-107],[-50,-45],[-43,-11],[-82,-81],[-29,16],[-7,-106],[-42,-121],[-28,-167],[-102,-321],[-71,-128],[-59,-19],[-50,-58],[-63,-110],[-32,-87],[-58,-80],[-25,-67],[-25,-20],[0,-91],[-32,-78],[-39,-53],[-43,-3],[-150,-71],[-29,-37],[-51,-16],[-44,-48],[-75,3],[-43,49],[-43,-22],[-20,-63],[-65,-87],[-23,-55],[-86,-23],[-57,-72],[-25,-106],[-10,-84],[-22,-31],[-45,-12],[-28,-51],[-29,-17],[-53,-63],[-76,-175],[-69,-49],[-46,29],[-66,-72],[-62,-38],[-22,-49],[-53,-44],[-16,-72],[-76,-61],[-40,-70],[-17,-58],[3,-68],[61,2],[90,49],[50,128],[32,1],[77,34],[90,108],[20,130],[62,90],[88,177],[123,64],[45,53],[23,172],[32,68],[49,49],[71,6],[43,104],[33,28],[38,89],[19,4],[25,-54],[38,-29],[53,1],[43,20],[33,50],[37,17],[86,77],[38,3],[51,56],[63,46],[42,70],[11,80],[17,28],[51,-9],[87,15],[46,84],[36,38],[35,-11],[35,67],[63,41],[77,108],[50,14],[62,81],[17,80],[105,214],[37,117],[25,53],[38,156],[68,54],[41,94],[17,202],[13,43],[37,20],[24,65],[28,-3],[36,119],[31,28],[32,64],[81,230],[22,12],[45,127],[30,112],[2,80],[34,82],[17,71],[38,106],[36,59],[34,-17],[57,122],[37,58],[76,163],[141,264],[135,146],[24,-1],[20,52],[45,29],[119,151],[21,74],[36,69],[48,55],[24,-8],[40,66],[111,138],[30,-19],[30,28],[19,62],[84,29],[59,97],[37,42],[109,85],[77,69],[50,74],[38,3],[70,61],[22,35],[66,22],[10,24],[88,51],[160,143],[39,57],[80,45],[53,77],[99,46],[53,42],[55,2],[36,54],[153,92],[215,68],[63,-16],[50,27],[21,-18],[51,11],[52,43],[93,8],[174,-3],[5,-24],[91,-26],[75,2],[144,-53],[82,-60],[60,-81],[114,-71],[47,-67],[54,-55],[38,-78],[25,-23],[26,-62],[44,-69],[72,-163],[-7,-115],[-25,-36],[-37,49],[-57,48],[-45,2],[-25,31],[-71,19],[74,-99],[37,-22],[27,-47],[1,-61],[33,-35],[57,-104],[21,-82],[42,-54],[11,-43],[-58,2],[-43,-16],[6,-143],[60,-56],[-13,-56],[-61,-61],[-17,-73],[5,-52],[-53,1],[-88,-44],[-136,-111],[-19,-87],[-34,-56],[-27,-165],[-33,-6],[-42,-40],[-75,-7],[4,-78],[-60,-91],[-34,-25],[-75,-116],[-74,-38],[-42,-43],[-101,1],[-24,68],[-42,69],[-39,11],[-119,93],[-61,15],[-53,114],[-18,72],[-47,-30],[-52,-116],[-19,-64],[-34,-38],[-34,35],[-98,-5],[-26,-93],[-30,37],[-22,61],[-24,-5],[-39,37],[-45,-29],[-63,-122],[-28,-31],[-18,25],[-32,-75],[-38,2],[-15,-75],[60,62],[26,-20],[76,55],[48,67],[85,23],[7,-122],[77,-50],[11,-24],[88,-42],[41,-79],[55,6],[20,-18],[71,3],[48,-23],[58,-103],[25,-74],[18,-102],[4,-152],[15,-53],[60,-80],[32,33],[64,12],[42,56],[60,121],[28,6],[69,96],[43,39],[141,40],[-10,-51],[-48,-65],[58,-27],[30,45],[69,15],[27,20],[31,-17],[26,-99],[40,3],[35,-95],[-35,-43],[-72,-48],[9,-87],[-35,-120],[-26,8],[-23,-71],[2,-91],[26,-88],[-28,-168],[-16,5],[-18,-95],[-38,-24],[30,-78],[-12,-61],[-34,2],[-36,-50],[-39,-106],[-121,-199],[-62,-56],[34,-66],[76,47],[-11,-89],[60,-6],[37,73],[66,28],[14,-66],[28,-5],[12,52],[47,10],[62,-10],[-18,-67],[13,-154],[-57,-110],[-12,-80],[-36,-106],[28,-32],[4,-104],[25,-79],[44,-34],[-33,-77],[53,-2],[14,-22],[43,17],[10,-64],[-11,-121],[5,-103],[24,-82],[13,-119],[41,-110],[-1,-106],[64,-28],[20,-91],[-49,-80],[13,-128],[34,50],[79,-11],[28,-32],[81,30],[35,-17],[51,-64],[15,-84],[19,34],[47,-9],[17,20],[92,-35],[47,-44],[31,45],[13,-64],[20,-11],[6,-70],[-23,-39],[-33,-2],[-65,-58],[-113,-12],[-15,-45],[19,-67],[75,-3],[54,-37],[33,-42],[-6,-58],[39,-45],[10,-51],[62,-41],[0,-49],[51,0],[-5,55],[161,6],[21,-54],[7,-69],[44,-50],[48,-6],[12,26],[34,-34],[-46,-58],[-51,-10],[10,-47],[37,-7],[82,30],[5,-22],[61,27],[25,27],[3,68],[80,-5],[33,-31],[58,-22],[134,-16],[11,-53],[32,-24],[26,-94],[52,-29],[10,-62],[32,16],[-8,-104],[63,83],[57,49],[-4,29],[56,37],[55,69],[41,80],[44,51],[24,7],[59,120],[25,68],[34,31],[32,-34],[-23,-59],[13,-147],[15,-94],[-20,-115],[3,-74],[37,70],[31,-27],[17,-68],[34,20],[17,-40],[30,21],[54,-16],[39,54],[6,58],[37,24],[45,-21],[22,-71],[34,-43],[10,-79],[42,-107],[74,-84],[5,-54],[-23,-65],[-46,-52],[-78,-27],[-11,-37],[-39,-37],[9,-67],[77,-17],[39,13],[97,-10],[45,20],[31,-31],[33,15],[74,-52],[-23,-91],[-44,-55],[-4,-54],[-54,-61],[-26,24],[3,50],[-28,17],[-53,-10],[-19,32],[-35,-14],[-45,-111],[11,-67],[-78,-51],[-57,39],[-43,-46],[-43,58],[-9,-29],[14,-75],[-33,-20],[-13,-46],[-59,-18],[-34,23],[-3,-73],[-22,-59],[-36,-29],[-38,15],[-60,-32],[-26,-105],[-75,-6],[-44,-35],[-32,14],[-15,-57],[-62,-37],[-22,-42],[-34,15],[-7,-90],[-32,-10],[-25,37],[-23,-51],[-29,14],[-15,-39],[-41,-31],[-23,-69],[-33,29],[-40,-68],[-33,-18],[-44,-126],[-15,54],[-97,-23],[-16,42],[10,57],[-23,20],[-29,-19],[50,-104],[-33,-105],[-43,120],[-28,-66],[-39,-29],[-36,69],[-20,14],[4,-126],[-46,-64],[-39,20],[-46,-4],[3,-58],[-57,-23],[-66,99],[7,-91],[16,-51],[-12,-65],[31,-118],[-27,-78],[-24,34],[-41,-35],[-103,24],[-27,-18],[-19,62],[-37,-23],[-52,42],[-3,110],[20,58],[-14,73],[12,62],[-59,20],[-47,-54],[-6,-98],[34,-99],[-5,-51],[-31,-28],[-10,-71],[-26,9],[-12,65],[6,77],[-30,74],[-43,4],[-3,-76],[-76,-12],[6,-54],[-6,-106],[-31,-34],[18,-93],[27,-46],[59,-26],[-17,-33],[-57,18],[11,-63],[10,-175],[-43,37],[-50,-50],[-24,-51],[-8,-76],[-40,-100],[-77,27],[41,-121],[-22,-83],[-43,4],[-26,-63],[-5,-111],[-32,-5],[-11,-41],[-35,-39],[-31,-3],[-32,-73],[41,-58],[-22,-45],[-16,-82],[-36,36],[-4,-114],[-29,-4],[-23,-88],[-27,-16],[-45,-101],[-61,12],[-16,73],[-35,-68],[-32,145],[-15,-32],[16,-81],[-2,-91],[-24,-53],[-51,73],[5,51],[-41,59],[33,-140],[-4,-146],[-42,-137],[-19,16],[-24,79],[-13,-65],[8,-62],[-31,-116],[-47,70],[-7,82],[-32,18],[-15,-93],[45,-64],[-32,-93],[-17,-107],[-16,240],[-69,-34],[-15,98],[-32,70],[18,227],[-20,-4],[-9,-62],[10,-50],[-19,-36],[-2,187],[-18,102],[-29,58],[-37,113],[-29,-101],[-4,-56],[-27,-21],[-76,74],[-26,-52],[-4,132],[-11,49],[-18,183],[14,44],[-15,101],[11,65],[-17,160],[-29,54],[28,181],[19,37],[17,113],[-3,64],[22,168],[35,71],[30,112],[42,101],[27,14],[48,94],[25,84],[-13,38],[-37,-40],[-22,20],[-36,-48],[-119,-261],[-50,-135],[-2,80],[73,186],[82,169],[41,74],[26,1],[39,79],[48,66],[32,15],[13,-149],[39,0],[72,120],[8,59],[-20,35],[-45,-41],[-38,-55],[-21,53],[12,43],[81,128],[102,120],[31,60],[172,218],[73,115],[60,57],[106,163],[51,55],[189,151],[30,7],[126,108],[38,68],[4,90],[47,-49],[6,-52],[-20,-46],[-12,-124],[12,-72],[-32,-36],[45,-101],[5,72],[32,-2],[50,-57],[64,-145],[16,20],[-55,122],[-3,88],[23,31],[-4,54],[36,46],[185,157],[67,27],[4,49],[59,12],[131,-7],[17,44],[29,-26],[52,57],[-12,33],[-98,40],[-27,26],[-84,-12],[-24,24],[-49,-13],[-46,-31],[-29,-65],[-33,96],[-24,12],[-49,-34],[-22,51],[-67,-19],[-25,6],[-49,-25],[-56,1],[-58,-47],[-43,28],[-8,30],[-41,-5],[-55,26],[-76,-49],[-22,-39],[-6,-113],[-48,-26],[-35,94],[-28,21],[-49,-45],[-25,15],[13,149],[11,47],[69,83],[-1,40],[92,105],[45,65],[3,40],[66,76],[49,103],[40,46],[12,52],[-9,61],[-49,-31],[-31,10],[49,177],[-17,57],[-66,139],[21,-124],[-17,-57],[-59,-139],[-21,-136],[-42,-102],[-37,-53],[-22,27],[-44,-4],[-22,-45],[-32,-15],[-26,-86],[-46,-52],[-77,-33],[-98,-107],[-68,-58],[-13,-34],[-74,-77],[-14,-50],[-56,-60],[5,-52],[-146,-101],[-11,-53],[-55,19],[-56,-127],[-28,-24],[-70,109],[-16,63],[-32,-24],[-27,-75],[-42,-11],[2,-84],[-57,-91],[-24,96],[-11,-89],[-86,-88],[-42,-12],[7,-40],[-40,-32],[-24,133],[-33,18],[-29,-52],[-91,-90],[-38,12],[-21,-45],[-49,46],[-53,-46],[-19,35],[17,67],[2,62],[-48,70],[-39,-23],[-20,-50],[-27,-9],[20,-94],[-32,-14],[-19,93],[-21,48],[-6,72],[-67,-13],[-25,47],[-28,-1],[-23,-124],[-16,-14],[-31,60],[-73,234],[6,77],[27,104],[3,107],[-36,74],[-24,145],[60,25],[-6,60],[8,111],[-25,57],[-33,-39],[-139,97],[-30,110],[-33,-30],[-38,23],[-5,197],[6,78],[37,45],[-39,100],[0,30],[42,77],[-24,57],[0,701],[-5,744],[-2,1024],[-73,81],[-6,49],[-30,65],[-18,84],[-30,34],[-24,63],[-36,41],[-68,115],[0,27],[-57,50],[-88,33],[-21,-11],[-18,-67],[6,-81],[-64,-6],[-45,25],[-50,-19],[-22,-89],[-44,-23],[-19,18],[-98,-64],[-36,-55],[-37,-22],[-108,142],[-11,155],[1,134],[15,84],[-36,20],[-75,72],[-38,7],[-286,-780],[-323,-899],[-48,-617],[-30,-11],[-42,-112],[-21,-2],[-26,-62],[3,-65],[-21,-20],[-31,-175],[-17,-44],[42,-93],[-13,-88],[-27,-31],[-13,-74],[21,-19],[-27,-66],[9,-52],[-7,-71],[38,-10],[19,-48],[-12,-83],[-24,-67],[-45,-43],[-59,-124],[23,-104],[-10,-63],[-51,-29],[-48,-88],[-21,3],[-31,-84],[-42,-51],[-35,-97],[-22,-158],[29,-84],[24,-16],[20,-85],[-20,-64],[-22,38],[-27,-8],[-25,67],[-29,22],[-35,-68],[18,-77],[-14,-55],[11,-41],[-34,-128],[-6,-75],[-22,13],[-28,96],[2,73],[-27,60],[-44,-44],[-71,-38],[-27,-126],[-78,11],[-45,113],[-54,-103],[-50,-47],[18,-60],[-30,-145],[5,-38],[-52,-126],[-5,-113],[-199,-4],[-126,-9],[-314,-8],[-109,11],[-82,-2],[-63,15],[-167,4],[-172,-1],[-286,-15],[-175,-14],[-151,-2],[-243,-23],[-147,1],[-101,12],[-156,3],[-31,10],[-23,-28],[-75,56],[-65,-71],[-50,-1],[-26,-55],[-47,-63],[-55,-32],[-4,-40],[-62,-42],[-70,-90],[4,-23],[-53,-85],[-35,-34],[-8,-35],[-64,-112],[-91,-190],[-116,-227],[-32,-96],[-10,-87],[-73,-141],[-29,-42],[-88,-12],[-9,19],[-60,-49],[-37,-49],[-28,9],[-62,-38],[-18,-45],[-29,-18],[-48,-68],[-100,-55],[-58,27],[-73,-40],[-136,-192],[-24,-24],[-33,-90],[-46,5],[-34,37],[43,45],[-39,47],[21,113],[-25,13],[-63,-46],[-80,37],[-24,-41],[-55,11],[-95,-97],[-79,-44],[-20,-76],[23,-22],[57,112],[68,41],[20,39],[44,-4],[6,-96],[66,81],[130,86],[11,-26],[-19,-157],[-34,-113],[34,15],[48,-27],[71,64],[37,80],[26,-37],[-37,-63],[0,-43],[-52,-38],[-61,-148],[48,-37],[43,-3],[50,37],[4,-32],[-63,-28],[-56,-67],[-30,-4],[-26,-46],[-59,-63],[-10,57],[-58,87],[-10,76],[-50,42],[-65,-50],[-70,-22],[-34,84],[0,99],[-40,13],[-16,51],[-61,-57],[-30,15],[-80,-34],[-45,-59],[-45,-14],[-30,17],[-27,-32],[-71,7],[-15,-20],[-109,-9],[-179,-125],[-104,6],[-46,-27],[-31,-42],[-90,4],[-11,-25],[-49,-28],[-26,20],[-30,-50],[-69,-53],[-27,10],[-46,-117],[-28,-27],[-70,-163],[-56,-85],[-48,-9],[-36,17],[-36,-93],[-29,-15],[-46,-109],[-7,-88],[-58,-148],[-31,-123],[-42,-87],[-77,-108],[61,-4],[33,-82],[75,-54],[20,13],[38,-52],[41,-21],[97,5],[62,-36],[105,103],[49,66],[59,-8],[11,-244],[-25,-144],[50,-26],[8,-28],[-19,-78],[6,-74],[44,-58],[23,-4],[21,-113],[-24,-46],[-79,-21],[-17,-32],[-47,1],[-39,35],[-42,-17],[-32,24],[-55,-11],[-12,-41],[-74,46],[-35,-78],[-32,29],[-20,-28],[-28,36],[-42,-48],[-47,54],[-43,-40],[-27,3],[-44,-45],[-61,-8],[-62,-41],[-101,-31],[-70,-7],[-36,-69],[-50,-126],[-79,-107],[-23,-70],[15,-70],[29,23],[83,-66],[43,6],[84,-15],[-24,-42],[-182,86],[-106,-12],[-87,29],[-99,112],[-35,4],[-27,29],[-52,17],[-78,-11],[-150,23],[-51,-8],[-70,-47],[-37,-76],[-33,-5],[-20,-44],[-30,-15],[-54,-82],[-40,-90],[-149,-248],[-23,-129],[-4,-150],[-25,54],[24,83],[-31,-2],[-32,-60],[-5,-67],[-77,0],[-49,-33],[-84,-111],[-131,-139],[-33,-48],[-58,-155],[-31,-213],[-16,72],[-37,99],[-63,32],[-38,-10],[-78,-74],[-86,-38],[-69,92],[-75,52],[-33,-12],[24,185],[-12,108],[6,140],[24,113],[26,62],[59,32],[51,43],[8,-33],[105,-73],[42,-16],[73,8],[69,33],[33,-19],[42,30],[28,98],[4,68],[-15,198],[-55,50],[-17,-39],[-87,107],[37,32],[47,114],[11,130],[34,213],[-11,102],[11,96],[-1,75],[10,85],[34,114],[-7,51],[30,31],[113,47],[56,51],[17,75],[39,37],[56,128],[29,91],[55,42],[93,127],[49,111],[25,134],[-5,169],[8,123],[-7,227],[-10,231],[6,95],[-7,188],[6,136],[-10,115],[-1,103],[-17,98],[88,214],[24,104],[18,153],[-12,70],[19,48],[26,2],[22,94],[31,73],[60,37],[15,119],[31,99],[19,34],[36,118],[4,102],[-24,65],[21,41],[-17,274],[-14,9],[-31,111],[-14,102],[12,68],[-18,92],[-19,-38],[-38,52],[-12,96],[-36,63],[-11,70],[-30,40],[-16,145],[-53,-17],[-39,31],[-12,68],[24,60],[33,6],[145,-64],[60,26],[76,5],[2,-49],[-33,-72],[-6,-103],[43,-74],[15,-71],[-11,-124],[22,-72],[21,49],[22,-27],[-20,-54],[19,-32],[58,7],[17,-86],[31,-17],[4,67],[16,47],[53,-49],[-39,-58],[8,-72],[-10,-76],[-88,-166],[4,-71],[38,84],[58,57],[46,-31],[31,6],[14,-56],[1,-72],[-17,-67],[-6,-83],[-20,-131],[54,39],[41,137],[57,78],[82,-6],[16,-79],[0,-97],[28,-69],[41,-40],[21,8],[84,-123],[43,-4],[22,-30],[42,9],[34,-52],[34,-7],[36,-55],[31,-11],[26,35],[35,82],[20,76],[-11,86],[24,152],[-42,119],[-75,60],[3,132],[36,30],[21,-11],[21,69],[58,38],[37,-59],[-20,-55],[44,-16],[19,-114],[31,31],[23,-55],[28,-23],[25,71],[-54,117],[-18,122],[-16,48],[-5,99],[-41,39],[-21,-57],[-18,84],[2,53],[-52,62],[-18,91],[-37,-3],[12,97],[28,10],[16,80],[-62,127],[-44,27],[-10,67],[77,94],[9,101],[-21,36],[-15,104],[-37,11],[-86,-146],[-28,43],[-22,-12],[-14,64],[7,51],[-19,40],[-35,19],[-18,108],[10,184],[-27,25],[-70,-36],[-13,56],[-2,82],[-48,73],[-10,80],[-42,85],[20,67],[-19,64],[-57,85],[-13,135],[6,43],[-61,66],[-18,-51],[-36,48],[-33,-33],[-43,-11],[-43,24],[-18,43],[-72,-48],[-28,15],[3,47],[26,57],[-7,37],[-63,-19],[-102,10],[-64,-16],[-35,-49],[-25,9],[14,70],[-58,2],[50,82],[-35,11],[-56,83],[10,65],[-29,0],[-13,-41],[16,-71],[-69,-3],[-15,-120],[-44,-72],[-9,43],[-99,10],[-8,63],[26,41],[62,34],[32,-28],[39,75],[-61,43],[-45,-23],[-86,2],[-50,34],[-94,19],[-63,70],[-28,-27],[-24,20],[-6,91],[-83,-8],[-23,27],[-62,-64],[-51,6],[-50,-26],[-3,67],[-92,1],[-27,-27],[-96,16],[-15,-25],[-70,-14],[-39,62],[-44,6],[-155,63],[-34,29],[-83,19],[-43,29],[-35,55],[-19,-29],[-38,-5],[-52,58],[-30,7],[-41,-77],[-1,-58],[24,-43],[18,-76],[-23,-110],[-44,56],[-14,-166],[-51,-60],[-17,101],[-23,35],[0,68],[-56,83],[-25,119],[-8,162],[10,15],[-26,111],[-5,102],[27,188],[-14,57],[-76,8],[-23,-73],[-31,-17],[-38,32],[-62,-15],[-46,-78],[-27,8],[-16,73],[-52,100],[5,67],[74,140],[6,42],[30,19],[26,48],[-22,41],[5,85],[-31,29],[-20,-34],[-9,-105],[-42,-5],[-4,87],[28,116],[-11,84],[42,-11],[12,48],[34,2],[24,-65],[46,117],[-9,54],[-34,52],[-55,50],[-43,-31],[-33,41],[-24,-57],[-37,-2],[-3,79],[-32,33],[-22,-36],[-48,70],[13,76],[-6,65],[52,115],[-13,45],[26,93],[-14,42],[26,37],[24,92],[48,90],[-20,106],[-24,60],[-49,32],[3,63],[-21,60],[-50,101],[-23,6],[-109,133],[9,36],[-47,77],[-6,120],[28,50],[-24,89],[26,55],[23,4],[24,126],[-25,65],[50,138],[39,69],[-16,94],[-147,9],[-73,-12],[-48,9],[-39,-19],[-52,8],[-57,-69],[-44,3],[-101,-16],[-55,7],[-75,28],[-53,37],[-56,69],[-44,86],[-70,165],[-53,142],[-11,97],[-33,80],[0,64],[-40,176],[7,96],[-37,37],[-1,103],[-14,52],[-19,188],[-46,106],[-52,215],[9,26],[-34,107],[-88,-54],[1,-49],[-42,14],[-21,45],[0,62],[-51,17],[-13,31],[-46,-51],[-31,-2],[-23,-56],[-35,-15],[-22,56],[-32,-2],[-51,73],[-55,-71],[-54,-4],[-68,-33],[-58,27],[8,57],[-77,26],[-12,57],[-55,19],[-61,-8],[9,82],[-82,-40],[-22,92],[-74,33],[-19,31],[-35,-38],[-39,66],[-24,-20],[-43,42],[-67,133],[-12,-56],[-28,34],[-54,-99],[-13,26],[-56,-38],[28,-52],[-15,-105],[13,-82],[44,-31],[60,-86],[-7,-117],[6,-76],[-51,-143],[-57,-116],[-38,16],[-11,70],[-33,46],[6,-118],[-39,-108],[-33,14],[-45,-52],[-14,-48],[11,-81],[-26,-1],[-11,-53],[-33,40],[25,171],[106,226],[54,80],[29,183],[-28,54],[2,74],[-93,74],[-37,-33],[11,-38],[-32,-48],[-19,-127],[26,-54],[-30,-78],[12,-69],[-72,-93],[-24,-253],[-18,-55],[-16,-105],[-40,-154],[-27,-28],[-114,-44],[27,113],[40,78],[-5,42],[22,73],[0,48],[37,95],[22,91],[-19,37],[-101,-71],[-52,-74],[-19,9],[-53,-50],[-62,-21],[-63,-114],[5,-78],[-21,-24],[21,-65],[13,-91],[-30,-56],[-28,-109],[-2,-69],[-27,-11],[-3,-157],[-24,-7],[-26,-77],[-51,-28],[-114,-167],[-32,22],[-59,-12],[-53,36],[-42,-17],[-40,-64],[-21,5],[-75,88],[0,46],[-23,78],[-86,59],[-137,-14],[-54,-31],[-23,31],[-28,-14],[-93,-6],[-15,54],[-52,-38],[-78,-20],[-33,84],[5,64],[-44,26],[-6,145],[-36,14],[-72,-58],[-37,-64],[-25,-4],[-47,-48],[-106,-181],[-71,-24],[-71,-54],[-16,45],[-30,-2],[-69,-43],[5,99],[-56,7],[-10,28],[-46,11],[11,59],[-14,127],[-117,17],[-23,68],[-51,-11],[-38,71],[-5,70],[10,52],[-66,72],[-62,21],[-35,-39],[-44,21],[-21,-27],[-10,-120],[17,-96],[-75,-41],[-32,152],[-16,31],[-32,138],[16,64],[-40,103],[-117,-25],[-45,58],[11,70],[49,10],[1,95],[-73,-7],[-159,148],[-16,52],[-27,-15],[-84,9],[-69,-10],[-23,42],[-37,1],[-74,-36],[-5,-33],[-89,-50],[0,-93],[-63,-37],[-79,-26],[-115,-3],[-19,33],[11,86],[-14,85],[-21,48],[-296,41],[-24,32],[-5,71],[-38,30],[-27,-15],[-57,17],[-18,-36],[-79,18],[-39,32],[-81,133],[-11,102],[15,34],[2,97],[-52,472],[-19,48],[-19,206],[-22,176],[7,59],[-30,6],[-81,101],[-80,-37],[-55,38],[-20,31],[1,-845],[-379,-2],[-417,1],[-503,1],[-398,1],[-510,0],[-410,-1],[-417,0],[-424,-2],[-449,0],[-396,1],[-439,0],[-461,-1],[-410,-1],[-398,1],[-471,0],[-339,0],[-581,0],[-453,0],[-348,1],[-527,-1],[-456,2],[-479,-2],[-547,1],[-458,-1],[-287,1],[-488,1],[-320,-1],[-425,-2],[-370,-2],[-383,-2],[-681,4],[-382,-1],[-608,-2],[-294,3],[-231,5],[-314,-1],[-396,-2],[-472,3],[-503,-2],[-501,-3],[-675,4],[-550,-1],[-454,0],[-581,-2],[-525,2],[-336,0],[-189,2],[-335,-8],[-266,11],[-520,0],[-55,51],[-31,-3],[-17,71],[-2,77],[-46,-41],[-59,-29],[-21,-43],[12,-83],[-44,-1],[-18,103],[-35,34],[-34,140],[-7,136],[7,57],[-40,78],[4,62],[60,-17],[23,93],[31,-63],[43,18],[67,-14],[60,107],[-38,-7],[-16,-71],[-49,-4],[-77,22],[-76,70],[-46,-8],[-14,57],[42,121],[-5,113],[-16,125],[17,52],[25,174],[-9,58],[-32,10],[7,-73],[-11,-82],[-35,-13],[-38,-65],[-31,12],[-76,-91],[18,-69],[2,-81],[-11,-73],[-44,-72],[-115,115],[-30,4],[-18,71],[-99,-5],[-25,27],[-18,73],[-61,92],[-22,159],[-35,32],[6,114],[24,97],[51,63],[62,-72],[2,-76],[21,-53],[14,-106],[25,-74],[28,-159],[13,50],[-22,127],[57,77],[39,0],[85,78],[-8,24],[-78,-72],[-46,-3],[-58,-39],[-31,48],[11,50],[-52,161],[-34,37],[10,71],[22,33],[18,72],[4,73],[-13,64],[-41,27],[-32,89],[16,80],[39,14],[33,54],[58,36],[9,61],[26,53],[-37,44],[-42,94],[-111,103],[39,-90],[69,-70],[15,-65],[23,-22],[-31,-80],[-75,-85],[-22,3],[-34,-49],[-1,-65],[38,-139],[46,-58],[-22,-91],[-31,-72],[-48,194],[-36,-59],[-20,-150],[-22,-36],[-103,-14],[-28,-28],[-57,30],[-22,-21],[-42,24],[-17,38],[-43,22],[-4,91],[-20,56],[-67,96],[-87,106],[-40,97],[-30,125],[25,-1],[54,-96],[17,36],[-44,31],[-6,38],[45,41],[23,76],[-3,37],[54,50],[15,57],[-3,156],[-13,77],[-65,64],[55,179],[93,-16],[15,46],[72,46],[-10,48],[-78,-53],[-10,-31],[-57,-6],[-38,39],[-39,-140],[-74,-126],[-24,-13],[-49,34],[-32,1],[-44,47],[-48,-70],[-19,22],[-7,66],[26,30],[-8,90],[18,92],[-6,64],[64,43],[37,110],[28,22],[20,83],[-10,66],[16,77],[-7,58],[24,94],[-26,69],[-24,11],[-17,69],[42,49],[20,109],[36,40],[-25,89],[-45,-100],[-24,-108],[-47,-32],[-8,-54],[29,-30],[-2,-64],[46,-50],[-32,-133],[24,-68],[-23,-111],[-48,-47],[-3,-70],[-44,-53],[-46,-27],[-5,-153],[-54,-51],[-33,74],[-36,42],[-61,38],[-8,126],[-24,-27],[6,-79],[-44,-82],[-36,-13],[-27,22],[-61,-9],[51,187],[-17,36],[-52,-218],[-14,-30],[-55,-35],[-52,103],[0,103],[-46,28],[-16,-73],[-65,-52],[-67,21],[-91,5],[-110,53],[11,41],[48,18],[4,76],[192,130],[-21,31],[-42,-46],[-40,-9],[-88,-81],[-57,26],[-28,74],[96,48],[48,-10],[88,54],[93,-8],[27,32],[72,-6],[42,21],[32,143],[39,18],[20,82],[-34,63],[-10,66],[21,41],[45,-19],[20,29],[6,68],[20,49],[0,53],[-25,46],[-2,148],[-10,46],[-68,62],[3,-58],[35,-82],[9,-94],[-11,-45],[37,-65],[-20,-74],[-26,12],[-26,-47],[-38,-26],[3,-126],[23,-19],[-56,-140],[10,-61],[-74,-33],[-37,0],[-84,-38],[-51,24],[-80,-55],[-46,-6],[-9,95],[51,50],[15,46],[-64,72],[-20,98],[-88,40],[-41,-45],[-82,-36],[-8,26],[-56,16],[21,86],[-8,56],[59,62],[37,-40],[22,23],[69,-2],[45,-25],[20,40],[-63,22],[-64,-5],[-55,27],[-19,40],[-19,98],[-31,11],[28,-154],[-38,-68],[-51,-54],[-76,-28],[-47,71],[9,47],[-33,57],[-44,-20],[-33,-108],[-115,27],[8,-41],[105,11],[3,-43],[-29,-52],[-95,-60],[-6,36],[-98,80],[-58,82],[-52,-17],[-6,37],[-49,8],[-34,61],[-5,53],[-44,33],[-10,48],[4,121],[16,63],[69,-81],[2,-37],[72,-28],[12,26],[126,-12],[99,48],[38,-9],[160,27],[36,-101],[18,37],[-59,89],[32,42],[-15,43],[-33,-80],[-65,4],[-59,-19],[-52,19],[-27,-26],[-80,-39],[-58,-4],[-68,14],[-22,-45],[-62,69],[9,30],[-103,72],[51,27],[59,-10],[102,8],[107,-18],[46,105],[-14,42],[-31,-125],[-111,20],[-126,-9],[-40,15],[-53,-20],[7,-64],[-25,-25],[-68,-5],[-19,97],[-31,4],[-45,94],[-5,115],[15,40],[71,52],[59,25],[16,-48],[89,7],[11,40],[118,20],[-40,37],[-93,9],[-40,64],[-31,-2],[-138,-49],[-29,31],[-12,56],[29,24],[27,69],[51,-14],[17,79],[57,94],[-2,58],[36,46],[-2,128],[13,97],[94,72],[94,24],[3,40],[-58,17],[-92,-49],[-26,-53],[-50,-18],[-20,-115],[-69,-152],[-27,44],[-27,-32],[-45,74],[-7,88],[57,42],[-3,29],[-98,33],[-20,59],[-11,99],[14,91],[-19,130],[23,64],[-7,125],[59,77],[43,31],[34,-21],[29,50],[10,144],[33,147],[5,55],[29,0],[62,79],[22,-67],[-8,-60],[-64,12],[1,-34],[74,-25],[21,64],[-16,114],[43,128],[83,37],[28,58],[36,27],[5,44],[42,52],[54,-41],[41,27],[25,-26],[35,-84],[23,-158],[70,-87],[57,-126],[62,-159],[11,51],[-37,73],[-24,85],[-51,103],[-67,78],[-13,123],[-38,131],[65,109],[61,32],[7,52],[-77,-58],[-51,-18],[-18,-66],[-100,-4],[-41,19],[-25,88],[-7,123],[-17,50],[-12,116],[6,48],[33,48],[56,45],[14,61],[49,50],[37,-1],[12,109],[47,98],[-34,99],[4,80],[-33,18],[-5,-108],[28,-94],[-52,-122],[-4,-46],[-59,-48],[-17,-62],[-65,-57],[-31,-55],[-10,-56],[5,-96],[-36,-44],[-30,-79],[-65,21],[-91,229],[45,-175],[40,-82],[-37,-85],[-5,-82],[-93,-50],[-22,-71],[-31,23],[-34,-47],[-61,-20],[-64,-142],[-18,58],[-1,73],[-20,50],[-6,80],[-31,-6],[-28,51],[-21,-19],[-35,198],[0,79],[70,150],[-63,-27],[-63,-176],[-1,-48],[-57,-160],[-20,-84],[-36,-93],[-48,23],[-12,59],[30,91],[-5,82],[22,60],[47,23],[19,86],[3,78],[-19,101],[13,88],[37,123],[10,110],[29,81],[15,98],[20,15],[104,-74],[5,40],[-61,23],[-48,37],[-32,-15],[3,131],[-26,67],[-29,-41],[-35,-91],[-71,-4],[-48,46],[-31,-9],[-55,171],[-9,252],[-30,133],[22,45],[-38,45],[-31,121],[-67,57],[-47,55],[-72,116],[-31,87],[0,228],[-22,78],[-30,42],[-17,62],[5,124],[32,-37],[43,-9],[45,86],[29,-94],[9,-81],[86,-30],[15,-43],[78,-107],[131,72],[25,72],[22,-37],[59,-17],[49,24],[62,-71],[19,-104],[58,-62],[-65,181],[-38,85],[-45,15],[-42,-23],[-53,15],[-51,69],[-18,-53],[8,-59],[-46,-38],[-26,14],[-53,-32],[-38,57],[5,46],[-45,55],[-34,0],[-32,94],[-72,145],[-13,85],[26,50],[17,87],[-22,127],[19,45],[48,52],[36,86],[-29,107],[48,120],[3,106],[-34,-6],[-8,-86],[-22,-88],[-46,-46],[-2,-61],[-44,-34],[-20,-97],[-58,-95],[-50,-27],[-66,-65],[-27,-43],[-13,-64],[-70,-109],[-5,-38],[4,-334],[-20,-124],[-62,-50],[-106,192],[-19,21],[-117,192],[-60,135],[-30,91],[17,60],[-37,20],[-107,173],[-26,63],[-65,107],[-28,65],[-29,127],[19,163],[-14,88],[39,184],[52,-7],[39,86],[49,45],[-15,37],[-71,-53],[-29,-59],[-45,7],[-42,-53],[-37,67],[-86,71],[11,66],[33,58],[-8,74],[-26,84],[-77,-45],[-56,37],[-32,83],[8,35],[-7,107],[33,38],[-7,161],[13,69],[32,20],[-50,111],[20,37],[29,-36],[33,-104],[28,-47],[63,-168],[17,20],[-69,172],[9,23],[-80,133],[34,133],[124,43],[-2,81],[20,141],[49,51],[42,107],[-30,-2],[-35,-86],[-19,43],[46,92],[41,111],[31,38],[50,-33],[-34,-63],[9,-41],[75,68],[21,68],[51,13],[56,-14],[0,43],[-75,27],[-47,-9],[-34,-41],[-66,57],[11,98],[29,101],[51,99],[22,69],[2,70],[40,130],[41,28],[26,142],[38,105],[7,84],[-44,5],[-42,220],[-21,3],[26,-138],[-15,-160],[-22,-66],[-14,-123],[13,-55],[-57,-166],[-10,-103],[-84,-184],[-21,-116],[-47,-99],[-16,12],[-17,130],[-24,66],[29,149],[42,119],[104,190],[-48,113],[-15,267],[-40,96],[-28,129],[15,145],[4,126],[-36,67],[-5,75],[23,101],[32,46],[64,218],[-17,13],[4,186],[-79,252],[-112,-58],[-82,71],[-60,28],[-33,223],[-70,14],[-52,38],[-125,220],[-241,86],[-68,96],[-235,226],[-86,131],[-201,-28],[-20,228],[-31,111],[22,115],[-198,149],[62,376],[-255,102],[95,263],[-96,305],[-145,322],[-84,264],[-71,174],[-93,316],[-159,353],[-80,337],[-77,161],[-60,108],[-91,245],[66,94],[-142,204],[-118,195],[-105,258],[-104,83],[-225,206],[-62,137],[18,85],[-73,38],[19,130],[-51,111],[-29,93],[-64,-1],[-90,135],[-17,124],[-204,71],[-56,143],[32,90],[-87,89],[58,103],[-1,196],[-71,130],[-31,6],[-49,81],[-26,78],[-84,87],[-94,133],[-373,-299],[-190,-48],[-121,-87],[84,-91],[1,-77],[-52,-131],[-50,-34],[-86,37],[0,-197],[6,-203],[-90,-259],[-193,-13],[-111,-129],[-162,-152],[-85,-71],[-133,-201],[-59,-4],[21,173],[-33,266],[-52,302],[-361,525],[-442,628],[-33,90],[-31,212],[-71,41],[-202,154],[-114,205],[100,508],[-2,73],[-487,-38],[-227,-337],[-376,277],[-49,-194],[-196,89],[-184,101],[0,1268],[0,803],[0,765],[0,1167],[0,1204],[1,1206],[0,1306],[0,1325],[0,1250],[0,1402],[0,1207],[0,1184],[0,1293],[0,1218],[0,1401],[0,1381],[0,1141],[81,-28],[29,-34],[362,-64],[158,12],[62,27],[112,14],[113,-17],[108,-69],[81,-31],[-3,-53],[88,-11],[109,9],[68,-75],[87,5],[117,-157],[82,-93],[228,-234],[19,-105],[54,35],[73,-91],[46,18],[-32,65],[45,82],[69,-186],[108,-130],[142,-106],[143,-79],[150,-102],[90,-28],[204,-151],[90,31],[77,-21],[145,-156],[40,-14],[100,22],[101,70],[136,-49],[37,8],[97,-48],[25,36],[146,-96],[121,-64],[42,-81],[106,-15],[80,-72],[59,-93],[42,-17],[58,-69],[113,-3],[-164,210],[-10,41],[-102,110],[-50,165],[76,43],[18,42],[-33,79],[44,79],[-61,52],[-23,90],[-47,18],[-72,95],[19,36],[-60,157],[-73,78],[-25,77],[46,91],[129,-80],[30,57],[-9,58],[40,23],[116,-35],[128,-111],[11,116],[-13,83],[-57,88],[24,53],[127,58],[68,45],[64,-27],[32,37],[76,-43],[117,32],[25,-133],[57,57],[65,-3],[60,73],[-18,55],[-61,34],[-41,-28],[-33,59],[98,6],[-4,77],[29,32],[30,111],[-31,144],[84,11],[16,-84],[86,3],[13,-83],[-46,-94],[111,-114],[99,43],[3,-70],[92,-41],[4,69],[45,-4],[26,-89],[-59,-132],[-101,-97],[-50,-81],[-30,-142],[-58,-7],[-19,-60],[122,14],[76,32],[43,120],[167,41],[41,81],[77,36],[175,-30],[99,22],[69,33],[36,70],[37,15],[-4,64],[38,73],[-22,141],[-27,4],[47,121],[87,57],[26,-47],[141,32],[28,-42],[131,-14],[65,77],[0,47],[-145,4],[-52,-50],[-33,34],[56,72],[16,61],[94,-46],[77,24],[125,-84],[28,61],[99,54],[31,39],[125,40],[59,102],[73,94],[126,53],[53,138],[143,-66],[25,-78],[-21,-61],[18,-93],[63,99],[83,293],[83,77],[-31,69],[107,40],[96,-23],[32,48],[65,24],[60,-27],[53,41],[85,-91],[151,25],[64,-94],[41,56],[55,-21],[41,39],[14,113],[57,23],[38,103],[9,106],[106,-70],[-30,-58],[85,-55],[24,-115],[63,-16],[-13,-88],[-60,-50],[-22,-53],[-123,-82],[-197,-107],[-100,-97],[-118,-42],[-37,-67],[-63,9],[-58,-88],[-47,-41],[-64,2],[-35,-70],[29,-57],[-38,-43],[-122,-43],[-65,-139],[-69,-118],[-62,58],[-27,63],[-75,17],[-71,-25],[-27,-44],[-113,-12],[-43,-25],[-61,11],[-29,-37],[-152,11],[-84,-81],[-92,-1],[-60,-82],[13,-46],[-54,-65],[36,-110],[-28,-66],[-46,-1],[-112,-100],[-7,-114],[-30,-1],[-30,110],[-55,-56],[27,-109],[-27,-16],[-38,-119],[-22,222],[-45,16],[-141,-63],[14,-45],[-66,-37],[6,-48],[-56,-175],[48,-28],[-70,-85],[-74,11],[-68,-49],[-74,-18],[-14,-72],[-70,-29],[68,-107],[-10,-80],[-67,-51],[-101,-42],[-36,-80],[6,-45],[133,-123],[95,-47],[72,-76],[90,-7],[-7,59],[-114,-6],[-8,63],[-70,24],[-70,103],[-24,111],[75,19],[59,-13],[38,-76],[173,-12],[-18,40],[52,36],[80,-59],[50,-67],[31,65],[157,-46],[15,76],[57,35],[-90,65],[-95,-17],[-31,-85],[-101,39],[67,32],[-97,90],[77,37],[-86,104],[-17,138],[23,68],[39,28],[79,2],[96,101],[121,-22],[62,133],[42,-26],[31,83],[95,52],[29,-11],[181,149],[57,66],[25,157],[-66,-24],[-54,41],[123,45],[72,-20],[66,50],[93,21],[-27,-162],[63,0],[-20,70],[63,83],[6,84],[47,64],[67,-87],[-5,-173],[81,146],[19,87],[-40,110],[-59,32],[17,104],[75,0],[-17,-74],[70,-167],[51,54],[2,-225],[49,-129],[-18,-76],[-76,-170],[-12,-82],[12,-134],[62,46],[-23,83],[49,204],[70,65],[-24,72],[102,61],[72,69],[46,141],[-19,42],[106,152],[5,80],[55,70],[26,101],[116,39],[103,17],[107,86],[137,60],[52,8],[84,83],[50,-3],[148,58],[163,17],[-41,-44],[31,-64],[7,-107],[-23,-97],[146,-83],[20,57],[-23,69],[133,55],[46,91],[78,72],[47,113],[139,113],[89,31],[21,-69],[59,-17],[-22,96],[-65,110],[-64,172],[48,116],[100,40],[69,-37],[6,-36],[100,-87],[54,42],[-113,89],[-57,62],[215,68],[138,15],[103,85],[-126,35],[-67,-5],[-88,44],[-72,0],[-41,34],[-10,122],[-107,89],[38,244],[53,95],[59,63],[227,-170],[155,-143],[137,-161],[134,-219],[86,-164],[191,-539],[10,-77],[85,-296],[39,-75],[104,-153],[40,-41],[175,-260],[70,-57],[83,-100],[113,-114],[70,-40],[108,21],[72,-41],[5,-62],[110,-18],[90,102],[101,40],[45,69],[-32,67],[-65,-29],[-75,25],[-68,-5],[-45,-42],[-76,-21],[31,127],[73,69],[103,-39],[96,2],[-45,127],[23,86],[-113,1],[-7,114],[36,91],[132,40],[127,87],[59,-26],[-3,-51],[29,-138],[54,59],[-22,157],[-36,-21],[-179,71],[-61,-20],[-43,120],[50,75],[38,-66],[6,-63],[68,-15],[52,62],[0,115],[27,10],[34,102],[53,60],[193,82],[-36,78],[-43,-72],[-63,-25],[-79,95],[-27,-44],[-57,32],[-80,-158],[-61,82],[-1,98],[135,76],[-3,-56],[46,-23],[85,13],[-15,46],[171,62],[67,-71],[64,29],[-97,115],[-98,26],[49,82],[-38,51],[133,27],[-13,-68],[96,-65],[79,-101],[18,-92],[-19,-72],[-70,-18],[1,-60],[38,-86],[-34,-147],[27,-28],[-42,-103],[-24,-199],[131,-41],[61,12],[43,52],[100,-39],[32,-61],[-121,-96],[-51,-177],[-105,-103],[-50,-66],[12,-114],[-86,-54],[33,-68],[92,-24],[13,-37],[145,-24],[71,36],[82,-49],[18,89],[113,-30],[12,-62],[76,20],[48,45],[102,46],[112,82],[-25,91],[38,54],[154,34],[33,135],[-25,113],[57,146],[-5,159],[-28,50],[58,44],[10,47],[71,25],[103,-63],[72,1],[49,67],[58,-33],[109,-7],[100,32],[85,-7],[41,-48],[71,47],[107,-14],[53,16],[160,-47],[34,-41],[78,-19],[121,5],[80,-102],[139,-92],[126,-39],[78,-58],[62,-70],[37,-83],[116,-112],[51,-76],[106,-112],[70,-52],[156,-64],[100,-73],[106,6],[192,-75],[144,-26],[113,4],[162,-75],[112,-12],[61,-39],[126,-42],[62,-53],[81,-126],[93,-91],[46,-2],[150,-93],[80,-83],[146,-70],[97,-31],[77,15],[182,-48],[45,-54],[119,-82],[95,24],[71,-6],[36,58],[57,-105],[52,25],[74,-52],[81,5],[54,-30],[75,4],[20,53],[133,-109],[162,-72],[50,51],[-81,33],[-50,72],[28,34],[-187,126],[47,69],[45,19],[131,-50],[101,-68],[67,-15],[45,61],[-35,35],[27,56],[69,-48],[61,9],[76,-57],[184,-115],[59,-11],[35,-50],[68,7],[82,-22],[44,-73],[118,-78],[-1,-111],[84,-4],[72,-29],[86,-94],[-9,-63],[44,-87],[84,-72],[108,-62],[1,-61],[57,-25],[48,-194],[-48,-18],[19,-60],[146,3],[-34,-110],[-36,-15],[-34,-130],[21,-99],[-94,-8],[-70,22],[-52,-45],[-78,24],[-56,58],[-150,-58],[-84,14],[-145,63],[134,-146],[-60,-45],[-4,-53],[-54,-26],[-203,81],[-30,-23],[45,-74],[-57,-98],[-9,-149],[32,-42],[-2,-66],[-80,-13],[-22,-41],[-136,-61],[-43,-80],[76,1],[63,-36],[55,9],[21,-49],[63,-59],[66,-4],[85,-77],[56,4],[124,52],[47,3],[60,-40],[3,-50],[89,21],[48,-16],[63,-81],[101,-40],[42,24],[83,-27],[54,5],[87,-24],[46,-44],[120,-21],[47,17],[249,2],[42,37],[116,-24],[21,-54],[86,-14],[39,18],[169,0],[59,-19],[146,33],[26,-13],[107,52],[-36,73],[59,5],[86,-29],[138,19],[87,-122],[-26,165],[88,-8],[158,-40],[70,72],[102,-53],[24,116],[42,51],[78,46],[59,-7],[-24,-122],[70,22],[-1,-61],[122,49],[63,40],[92,140],[85,52],[59,13],[53,93],[180,90],[46,-12],[20,90],[87,-7],[64,-122],[7,-136],[83,-18],[45,-39],[25,-89],[54,-42],[-26,-84],[74,-57],[-53,-41],[74,-62],[93,10],[-15,61],[22,49],[83,-14],[75,-48],[82,36],[108,-29],[-3,-76],[51,-88],[24,-228],[39,-22],[-22,-59],[-55,-55],[4,-79],[76,-43],[32,-70],[6,-99],[53,17],[24,164],[19,47],[-4,166],[15,175],[22,33],[74,-31],[11,-106],[51,-159],[-15,-68],[7,-83],[45,-172],[45,138],[13,91],[66,-61],[2,-46],[149,-169],[101,-84],[27,-150],[50,-120],[-16,-55],[12,-111],[23,-50],[-74,-3],[-26,51],[-52,-64],[-65,53],[-12,-71],[-66,-56],[-48,12],[-101,110],[-114,154],[18,-194],[97,-26],[41,-34],[35,-102],[130,-36],[54,-119],[-16,-42],[3,-104],[-38,-4],[7,-89],[118,56],[55,-81],[-19,-141],[63,-111],[11,82],[81,-62],[29,-76],[-11,-63],[68,-93],[64,-124],[59,12],[13,-66],[41,-82],[58,-57],[42,-121],[60,-89],[40,62],[-106,194],[-54,41],[-42,63],[8,45],[-96,97],[-1,121],[-48,51],[-43,114],[-56,34],[-17,57],[50,14],[1,134],[-42,246],[-26,50],[14,64],[38,10],[58,-48],[17,46],[-44,198],[39,5],[87,-167],[-20,-27],[26,-68],[-64,-84],[-37,78],[-42,-18],[37,-89],[60,-4],[29,-58],[-40,-60],[52,-38],[48,44],[4,76],[46,58],[-30,96],[19,46],[55,-77],[100,-97],[36,6],[-43,163],[-52,74],[-84,50],[-11,114],[79,1],[17,27],[-42,138],[-30,-53],[-138,179],[-42,109],[-12,173],[-40,18],[-47,124],[70,-18],[-15,121],[54,105],[-69,131],[-117,156],[-28,66],[-57,28],[-93,160],[5,66],[42,79],[16,74],[55,0],[90,93],[67,35],[33,51],[-10,73],[-62,10],[15,97],[42,94],[43,-11],[38,38],[143,-51],[38,36],[56,7],[78,149],[18,-98],[127,35],[64,52],[71,6],[41,-63],[33,72],[-25,59],[-3,85],[46,49],[25,-80],[42,1],[-18,99],[21,62],[44,-17],[35,-71],[40,-29],[23,-80],[48,85],[-84,36],[-23,45],[67,117],[-20,61],[21,53],[65,-22],[91,135],[57,-49],[84,59],[46,-23],[26,69],[39,-28],[48,26],[41,-37],[61,64],[23,215],[-65,-5],[3,79],[46,29],[1,124],[-79,-58],[-27,49],[-52,20],[-75,-42],[-30,-49],[-89,-15],[-49,-53],[-54,5],[-83,-76],[-130,-12],[58,-144],[-106,10],[20,-93],[71,-19],[27,-34],[-42,-85],[-43,-20],[40,-99],[-53,-12],[-95,156],[-81,14],[-54,-19],[-95,17],[-61,-141],[-42,-23],[-16,-80],[-51,9],[-94,122],[-112,-22],[-51,59],[-87,7],[-67,-42],[-64,35],[-25,-21],[-15,-191],[107,-50],[-6,-48],[64,-28],[2,-51],[-90,25],[-91,-31],[-19,-53],[-84,-12],[-26,76],[-67,15],[-129,-89],[-25,-36],[-59,10],[0,79],[64,16],[20,82],[-43,63],[-19,138],[-83,16],[-24,-52],[-142,-73],[-84,3],[53,116],[-11,65],[27,62],[77,71],[82,200],[27,29],[79,228],[76,60],[444,54],[164,46],[68,48],[106,16],[147,108],[68,24],[208,120],[60,-9],[43,64],[91,57],[183,87],[37,72],[159,-66],[17,-45],[94,-25],[72,5],[46,-83],[155,-150],[66,-96],[-73,-129],[36,-51],[13,-80],[61,-113],[-13,-84],[82,-27],[-45,-53],[-100,-71],[27,-73],[96,-17],[37,-133],[39,-20],[26,-63],[42,-3],[55,-94],[133,-86],[45,13],[36,53],[37,-33],[97,20],[58,-31],[-27,-107],[-42,-105],[57,-5],[21,-133],[57,-136],[106,50],[53,-4],[64,-53],[203,64],[28,-51],[51,-11],[111,49],[17,50],[78,-25],[62,39],[-25,79],[31,78],[46,46],[45,-31],[49,-87],[-50,-27],[22,-122],[-8,-71],[38,-15],[94,-109],[79,-1],[1,-50],[80,-49],[49,41],[65,-194],[168,-90],[161,-22],[45,-89],[131,-71],[3,60],[76,47],[28,-58],[125,95],[-2,-62],[49,-49],[105,11],[30,-93],[42,39],[36,-43],[76,-7],[148,110],[57,-8],[4,51],[127,7],[54,-23],[46,14],[166,144],[27,68],[41,-53],[41,34],[38,-67],[76,73],[144,1],[94,-13],[62,-59],[94,-17],[37,48],[44,-34],[123,5],[61,-64],[52,57],[90,-26],[58,-76],[45,-3],[51,-106],[44,23],[138,-13],[70,-47],[8,93],[54,39],[26,-42],[53,32],[52,122],[39,-61],[77,-3],[45,-48],[42,58],[40,7],[-56,184],[-72,-13],[-43,72],[-81,73],[-26,88],[4,69],[-28,80],[86,146],[43,-2],[44,-64],[3,-78],[101,-115],[59,-42],[83,-123],[-6,-36],[86,-270],[69,-24],[45,-41],[8,-81],[99,-21],[71,-67],[20,-63],[57,20],[66,-109],[162,55],[84,93],[57,-6],[99,47],[-94,117],[58,94],[-40,152],[-90,85],[-84,-27],[-49,7],[-13,93],[-122,120],[-33,94],[-45,-90],[-105,-18],[-93,-57],[-31,61],[-55,-114],[12,-156],[-44,-30],[-69,97],[1,74],[-107,167],[-63,77],[-37,140],[-50,48],[-32,78],[65,102],[53,-72],[-20,-61],[34,-89],[73,16],[6,74],[-15,104],[-155,81],[26,55],[-151,202],[-25,79],[72,24],[78,-98],[46,76],[-55,39],[48,37],[28,-69],[59,-2],[66,-90],[97,-52],[11,40],[82,99],[40,-37],[43,14],[53,116],[-42,56],[-15,62],[-63,108],[74,70],[94,-7],[104,-58],[37,-62],[63,51],[120,-14],[128,-131],[58,-92],[30,-1],[32,-101],[53,-39],[30,-132],[109,-54],[96,51],[52,-62],[131,67],[1,-102],[-52,-146],[-53,-14],[-1,-88],[-55,-16],[-69,-101],[-16,-71],[41,-57],[107,96],[40,-34],[61,23],[-42,130],[60,104],[88,77],[130,69],[163,71],[-16,-75],[-63,-86],[-6,-96],[38,-31],[-10,-82],[-31,-89],[-4,-78],[-54,-113],[-21,-201],[-17,-14],[-16,-160],[50,-201],[-16,-174],[-73,35],[-38,-36],[-41,-111],[-47,-37],[-20,-76],[-112,-43],[13,-40],[81,4],[65,-26],[51,-51],[35,26],[62,-66],[76,16],[-12,-78],[-49,-117],[-34,-26],[-1,-109],[64,-34],[30,-97],[203,189],[52,128],[112,-60],[30,95],[36,-7],[21,-65],[-37,-100],[-197,-293],[224,107],[10,50],[143,17],[84,62],[62,18],[-42,57],[-78,58],[-34,130],[-10,127],[-28,34],[73,89],[-21,109],[-84,105],[-52,99],[-43,-3],[-20,67],[-60,23],[-41,81],[46,88],[39,12],[43,70],[29,121],[-21,97],[51,128],[37,43],[-2,129],[58,62],[54,-10],[48,-79],[29,53],[70,66],[56,-93],[81,19],[64,-51],[82,36],[60,142],[53,77],[81,36],[41,67],[105,99],[105,82],[-14,92],[-2,135],[145,176],[92,50],[72,16],[188,154],[57,-15],[35,92],[-34,39],[-54,-5],[-56,48],[-77,-20],[33,254],[46,102],[40,152],[-43,49],[-12,58],[-5,159],[-43,13],[-105,-36],[8,104],[-54,-8],[-48,-162],[-44,-20],[-43,-66],[19,-113],[114,48],[-4,-58],[-105,-97],[-41,-82],[-104,-32],[-30,37],[-55,-44],[-93,6],[-119,60],[12,91],[42,178],[-37,20],[14,87],[-30,64],[50,21],[58,-74],[61,39],[54,166],[91,-13],[52,67],[-30,30],[10,61],[67,54],[-122,2],[-53,51],[0,72],[38,199],[-32,38],[9,56],[107,57],[98,32],[86,8],[40,-40],[64,31],[73,122],[62,41],[13,-63],[-62,-119],[-103,-97],[7,-32],[-63,-67],[14,-59],[60,-82],[122,123],[55,109],[62,28],[0,72],[-49,38],[-4,88],[51,82],[5,125],[-103,79],[-105,-62],[-20,-55],[-85,-24],[12,-37],[-72,-45],[-237,24],[-42,-12],[-38,50],[-27,84],[-98,125],[-40,146],[-59,42],[1,70],[-92,-6],[-24,-56],[42,-98],[-76,-94],[-103,49],[-66,64],[-55,-13],[-35,66],[-181,80],[-171,165],[-86,93],[-30,-63],[-48,-22],[-16,74],[-92,20],[-82,37],[-30,66],[15,123],[-45,156],[-82,-23],[-28,20],[-115,187],[-66,88],[-23,170],[-35,159],[14,194],[34,91],[90,104],[51,-18],[12,182],[57,162],[36,-82],[43,9],[10,78],[42,46],[10,117],[64,33],[32,66],[-131,-58],[-56,-102],[-172,164],[-37,110],[-114,84],[-23,58],[4,83],[58,126],[29,177],[36,98],[45,66],[-99,119],[-18,51],[125,80],[-44,54],[10,96],[-35,48],[18,54],[67,28],[67,-20],[68,230],[113,60],[116,-29],[37,-41],[-1,-61],[34,-56],[126,-108],[92,25],[14,91],[45,41],[8,65],[-86,80],[36,95],[-4,58],[-242,34],[-17,57],[-60,29],[-4,51],[53,26],[-39,52],[50,47],[115,12],[36,88],[132,128],[43,-9],[141,19],[-33,57],[40,96],[24,295],[22,34],[182,52],[193,27],[21,18],[146,-12],[14,-67],[78,-61],[-46,-92],[-20,-95],[-86,14],[-33,-135],[8,-87],[59,21],[94,92],[54,-31],[-39,-86],[5,-106],[35,5],[78,93],[-5,55],[50,62],[78,-85],[64,-5],[78,-40],[102,67],[73,-38],[4,-82],[-61,-103],[-17,-64],[63,-34],[41,-91],[116,-80],[78,-29],[35,-62],[127,-110],[23,-138],[25,-37],[84,-18],[50,-49],[-19,-57],[33,-49],[6,-156],[69,-144],[-12,-143],[-19,-56],[32,-57],[-47,-205],[15,-163],[-40,-69],[44,-72],[87,-7],[82,-88],[24,-136],[-39,-49],[116,-7],[268,-146],[43,-67],[-89,-15],[-11,-54],[62,-92],[-47,-46],[103,-41],[22,-71],[44,-44],[23,-80],[10,-238],[96,101],[-28,73],[59,30],[35,-38],[72,0],[-11,-102],[20,-122],[76,-71],[56,-83],[-13,-77],[-358,-55],[-64,27],[-14,56],[-89,43],[-51,53],[-115,-60],[21,-28],[-61,-128],[-38,-45],[278,25],[131,-71],[31,-109],[-54,-32],[-89,-111],[-109,-163],[-32,-8],[-107,-113],[-92,-32],[13,-73],[-34,-31],[-127,-58],[-27,-60],[94,17],[63,-10],[-45,-70],[133,51],[66,-59],[100,-11],[-23,-57],[103,-108],[50,-83],[106,-63],[138,-47],[71,56],[-11,50],[101,38],[-4,73],[78,115],[53,24],[70,-36],[49,14],[38,-89],[-37,-90],[-62,-65],[-89,-7],[-4,-32],[89,-23],[27,46],[108,43],[26,-91],[64,-6],[48,37],[132,-57],[37,-45],[54,73],[11,53],[50,3],[140,-79],[73,-105],[-63,-11],[-24,-56],[-89,-13],[-145,-128],[-39,-69],[22,-62],[-8,-108],[-41,-14],[-142,44],[-24,35],[-61,-16],[45,-87],[72,-49],[96,-127],[50,-29],[43,-66],[93,-70],[-13,-199],[48,9],[39,-88],[-19,-56],[95,-74],[-15,-68],[31,-74],[-13,-130],[-50,-62],[39,-108],[-29,-166],[27,-64],[-34,-73],[42,-57],[-48,-106],[-60,-52],[57,-97],[190,-91],[-32,-127],[46,-112],[68,-72],[69,80],[-35,74],[61,56],[47,86],[13,169],[90,31],[28,167],[-63,44],[-21,146],[29,83],[73,89],[40,-31],[44,62],[19,118],[-18,44],[23,59],[-23,43],[-29,129],[-13,139],[41,124],[56,105],[40,15],[89,128],[61,145],[8,74],[88,88],[124,24],[121,-76],[54,-118],[14,-70],[88,-142],[78,-87],[84,-56],[58,-74],[82,-47],[125,-116],[67,-120],[46,-42],[22,-74],[90,-178],[16,-174],[-25,-103],[18,-90],[49,-123],[22,-138],[43,-91],[-8,-186],[-44,-131],[-57,-95],[-50,36],[-163,49],[18,90],[-11,128],[-21,55],[-57,-138],[-80,-53],[1,-87],[51,-98],[32,-115],[-6,-116],[-31,-35],[1,-84],[-37,-33],[14,-80],[-35,-25],[44,-98],[8,-58],[76,-257],[37,-94],[53,-45],[-17,-54],[11,-73],[104,-111],[38,-9],[46,-99],[105,-168],[98,-120],[-8,-19],[70,-132],[50,-7],[103,-262],[8,-112],[82,-91],[19,74],[-25,60],[100,17],[43,46],[60,-46],[20,54],[-19,101],[-71,60],[2,53],[94,9],[84,124],[80,22],[16,-58],[52,-53],[59,67],[7,-108],[64,23],[-27,152],[40,39],[7,137],[-7,88],[37,72],[-37,46],[8,73],[-25,42],[-3,88],[31,51],[45,131],[38,37],[24,68],[73,138],[53,38],[96,192],[91,39],[50,96],[-19,90],[14,109],[-10,79],[92,44],[-60,66],[62,145],[15,147],[37,75],[-19,78],[31,110],[-25,260],[35,163],[53,133],[52,-12],[76,23],[-57,86],[80,-7],[58,-106],[74,-6],[-1,64],[62,7],[29,-31],[165,14],[120,-40],[33,86],[-39,64],[-59,39],[-116,-39],[-118,37],[-8,113],[135,2],[-50,112],[-5,76],[105,-33],[113,-10],[7,41],[-105,40],[15,70],[64,59],[59,-50],[57,8],[68,-48],[18,67],[-68,-10],[-32,45],[-58,-12],[23,91],[-164,12],[-17,115],[-119,-53],[-11,42],[37,66],[-68,14],[-28,-92],[-94,61],[10,67],[-40,90],[-55,47],[-55,165],[65,-5],[-55,131],[-4,77],[60,2],[5,58],[-59,-3],[-38,97],[22,123],[75,101],[-58,51],[-42,78],[53,64],[32,123],[-38,83],[50,50],[61,-16],[-6,81],[-38,16],[-159,-20],[25,89],[141,-18],[86,-54],[115,-96],[152,79],[66,6],[-32,75],[140,-43],[122,62],[112,-7],[73,-21],[168,-86],[1,-64],[38,-46],[178,-60],[76,-47],[125,-50],[59,-6],[53,-40],[78,19],[39,63],[132,-33],[103,-7],[21,28],[86,-34],[153,-9],[70,13],[49,-62],[112,-35],[76,5],[14,-32],[-110,-33],[-53,64],[-106,15],[-17,-91],[66,-32],[-49,-53],[57,-60],[2,-58],[-44,-23],[-173,-21],[42,-30],[92,-22],[190,-94],[83,-60],[-47,-69],[138,-122],[28,-58],[-110,-64],[4,-45],[184,1],[25,67],[182,-30],[80,9],[71,-53],[58,-73],[87,11],[55,-48],[20,-135],[-17,-65],[-57,-17],[-15,-43],[-56,-11],[-40,-135],[-103,-94],[-159,-107],[-56,-16],[-5,-55],[111,63],[49,-28],[92,11],[41,-55],[0,-92],[37,-2],[24,64],[98,19],[40,-38],[79,-178],[-33,-49],[15,-69],[-6,-177],[-105,-115],[-146,-112],[-30,-47],[-99,35],[-41,-47],[-11,-101],[-97,-57],[-73,9],[-49,145],[-134,50],[46,-76],[-12,-79],[-50,-9],[-169,63],[-106,80],[-22,-48],[67,-23],[60,-76],[-77,-40],[-62,18],[14,-93],[132,7],[17,-65],[71,-29],[81,-6],[32,46],[61,-17],[22,-61],[79,-8],[-40,-96],[-72,77],[-47,15],[-96,-57],[-125,25],[78,-112],[104,1],[25,-42],[-35,-68],[-20,-95],[-35,-30],[66,-90],[83,-14],[65,88],[27,108],[55,-31],[-21,-94],[-41,-96],[-63,0],[12,-107],[-24,-94],[-35,-25],[48,-71],[23,-139],[68,-96],[43,-27],[37,-88],[61,-21],[-7,-92],[85,-32],[74,-81],[13,-73],[39,-60],[140,-112],[32,-109],[47,-50],[26,-86],[43,-77],[-45,-95],[-26,-142],[-36,-94],[3,-130],[-14,-162],[-32,-66],[-13,-111],[-25,-72],[-20,-133],[-74,31],[-116,-94],[-81,69],[-29,-38],[-64,-21],[-53,-49],[-3,-48],[-60,12],[40,-96],[-41,-75],[27,-59],[-47,-35],[-54,-119],[34,-99],[-122,4],[-50,43],[-15,-80],[-81,-37],[-22,-69],[-41,-44],[-23,-134],[-123,-27],[-88,14],[-120,-31],[0,-128],[-81,-107],[-50,-16],[-45,-75],[-111,-76],[-30,-36],[-42,23],[-58,-43],[-35,22],[-35,110],[59,83],[-68,78],[-18,93],[-57,52],[-81,12],[-31,53],[-70,31],[-26,81],[9,66],[-22,90],[56,40],[-15,39],[20,125],[-31,2],[-45,-76],[-48,-36],[-9,-64],[-155,32],[-23,56],[61,89],[-142,42],[-16,105],[56,32],[-35,57],[-9,86],[-61,18],[-6,46],[-79,45],[-84,-36],[-65,22],[-53,-34],[-143,-4],[-59,-105],[-40,-105],[75,-42],[143,54],[12,93],[-57,-7],[-3,49],[71,-14],[1,48],[138,24],[97,-49],[-10,-68],[-53,-44],[109,-82],[20,-66],[60,-70],[80,2],[12,-33],[-99,-100],[88,-76],[106,12],[50,-31],[-5,-78],[-29,-57],[3,-117],[72,-56],[80,-135],[52,-60],[34,-188],[-18,-24],[24,-91],[70,-54],[-6,-50],[24,-69],[46,-37],[-3,-71],[-124,-78],[37,135],[-66,-34],[-73,1],[-40,80],[-57,17],[-32,46],[-33,104],[-165,-54],[-24,156],[-30,65],[-57,25],[-30,-51],[48,-40],[-45,-90],[56,-98],[89,-110],[23,-139],[-72,7],[-78,83],[-83,61],[-46,-41],[-41,8],[-75,107],[-74,-41],[-47,53],[-102,32],[-70,-32],[-37,22],[-24,99],[-3,111],[-33,276],[-44,64],[-27,110],[-78,-6],[-183,-121],[-39,-36],[-153,16],[-33,-31],[-62,20],[-64,55],[-50,-9],[-27,49],[-64,-73],[-82,37],[-75,-43],[-135,25],[58,-128],[-81,-65],[48,-102],[94,-171],[78,2],[34,-35],[102,-13],[95,-78],[103,-54],[19,-39],[113,-27],[16,-83],[-59,-75],[-28,-63],[32,-94],[-36,-77],[-64,-33],[-67,-58],[-134,-176],[-51,16],[-71,-288],[0,-74],[-35,-141],[-36,-4],[-99,-89],[9,-56],[-83,-57],[-216,-217],[-25,-113],[40,-55],[-75,-56],[-40,-50],[-92,-68],[-113,-19],[-151,32],[-65,-24],[-90,1],[-136,48],[-67,91],[-89,37],[-26,100],[-95,113],[-40,91],[-55,41],[-49,67],[-113,48],[-59,148],[-47,47],[-104,-13],[-110,90],[-20,64],[-123,111],[-112,132],[-13,-57],[-56,45],[-6,46],[-54,30],[-33,56],[-70,47],[-66,-15],[-59,13],[-22,-49],[95,-50],[48,-53],[9,-91],[-15,-35],[-62,21],[-60,72],[-158,42],[-76,-48],[-106,33],[-102,8],[2,-34],[114,-21],[95,-45],[49,-43],[90,-19],[162,-149],[35,-6],[100,-98],[50,-127],[109,-84],[2,-93],[66,-146],[127,-97],[28,-58],[8,-81],[75,-127],[88,27],[28,-32],[51,3],[194,-26],[23,-32],[104,-9],[88,-24],[164,-6],[69,-40],[8,51],[93,1],[111,-19],[4,30],[144,8],[40,-36],[73,3],[94,-18],[130,-48],[32,-34],[50,14],[-10,-92],[72,-60],[12,-38],[-58,-115],[24,-103],[-119,-102],[50,-74],[-90,-85],[-67,-177],[-8,-85],[-31,-57],[14,-39],[-100,-131],[-83,16],[19,-100],[-16,-41],[8,-81],[-44,-84],[8,-25],[-97,-88],[-58,-11],[-81,-132],[1,-201],[-44,-92],[-74,-74],[-39,-110],[30,-48],[-22,-88],[-63,-62],[-83,4],[-87,-148],[-120,-156],[-58,-56],[-62,-10],[-94,-57],[-111,86],[-61,13],[-67,59],[-41,-2],[-9,-59],[45,-64],[-9,-48],[-63,0],[-67,112],[-53,7],[-51,63],[-55,-31],[-48,32],[-40,-33],[-50,61],[-67,16],[-67,82],[-12,76],[71,16],[-31,92],[-30,-27],[-22,-75],[-119,58],[3,-59],[46,-83],[-2,-56],[31,-60],[-1,-112],[38,-18],[0,-117],[-97,19],[-57,92],[-92,-84],[33,-59],[5,-92],[64,-62],[38,-96],[-23,-66],[-54,16],[-3,-105],[-91,-155],[0,-46],[-72,-66],[-46,28],[-28,-28],[-129,4],[-15,-49],[-97,-18],[6,-94],[73,-9],[-15,-85],[-122,48],[-20,-36],[-51,26],[-101,93],[18,21],[-85,95],[-68,24],[-63,-11],[-52,55],[-40,-13],[-47,46],[-15,85],[-36,5],[-66,64],[-49,-54],[-117,75],[-133,12],[-42,-9],[-67,97],[-4,-94],[-63,-1],[-89,75],[-104,3],[-65,113],[-60,11],[-75,-14],[-87,76],[9,49],[-71,29],[-61,-4],[-64,91],[-72,-28],[-45,79],[-97,47],[-63,-6],[-32,50],[-56,7],[-81,152],[-82,72],[-13,-26],[54,-87],[39,-28],[29,-102],[-20,-31],[-117,21],[-31,-40],[69,-127],[0,-71],[130,-89],[21,30],[72,-8],[-63,231],[42,33],[81,-51],[71,-98],[115,-77],[103,-25],[48,-51],[74,-14],[57,-47],[69,-95],[31,98],[45,24],[36,-31],[32,-114],[32,-48],[96,40],[23,-58],[59,-7],[43,-59],[-88,-50],[22,-80],[-67,-8],[-53,-89],[-63,-38],[-9,-52],[73,-8],[2,57],[80,-29],[24,50],[-12,54],[30,37],[44,0],[24,40],[45,-2],[-6,70],[39,36],[66,13],[43,52],[57,19],[65,-47],[28,-62],[51,-56],[-25,-145],[93,-8],[12,-71],[75,-62],[24,-51],[72,28],[83,-51],[53,-13],[19,-59],[60,41],[156,-174],[-55,-22],[142,-52],[-44,-81],[10,-91],[31,-27],[-11,-56],[24,-44],[-3,-75],[40,-33],[-35,-65],[17,-82],[31,-44],[-22,-73],[-77,-146],[-12,-108],[-36,-40],[-68,54],[-105,-13],[-30,-54],[-100,-47],[10,-37],[-90,-84],[-45,-4],[-8,-56],[-33,-34],[-85,25],[-40,-22],[-86,31],[-90,62],[-58,-26],[-41,30],[-119,38],[-1,-124],[-95,33],[-84,64],[-60,2],[-32,-26],[2,-87],[43,-122],[37,-65],[100,-59],[1,-29],[78,-6],[62,-44],[81,18],[34,-96],[-52,-124],[-60,-46],[-65,-6],[-25,34],[-55,0],[8,58],[-44,45],[-31,-67],[-42,31],[-36,-81],[-68,-16],[-85,93],[-17,-44],[36,-39],[18,-124],[-35,-14],[51,-82],[97,-54],[26,41],[125,-81],[-18,-71],[-51,-2],[-54,42],[33,71],[-79,-22],[-85,13],[-25,-41],[-55,19],[1,51],[49,29],[-9,55],[-47,56],[-96,-17],[-6,-56],[25,-115],[-22,-53],[113,-92],[41,-67],[-14,-157],[-17,-66],[-51,63],[-16,107],[-69,68],[-31,-36],[-40,52],[-64,5],[-67,33],[-41,-22],[61,-57],[106,-38],[61,-61],[-21,-131],[-62,64],[-66,-45],[-24,8],[-42,-63],[-37,14],[-64,-49],[32,-106],[83,14],[47,-39],[-41,-73],[-48,41],[-13,-94],[-71,-1],[54,-123],[-52,5],[-50,43],[-17,76],[-61,-35],[18,-65],[79,-93],[-39,-21],[-97,17],[-51,48],[-48,93],[-15,-50],[56,-48],[27,-78],[-153,51],[82,-132],[-80,-36],[7,-91],[32,14],[127,-130],[72,-27],[33,18],[28,-58],[-34,-35],[-64,-7],[-73,62],[-14,-28],[49,-74],[33,15],[35,-43],[-94,-63],[-67,-8],[-13,-48],[-38,-26],[-124,-130],[-23,-83],[-76,-21],[-2,-60],[-74,-119],[3,-103],[-18,-67],[98,21],[48,-90],[-49,-92],[-73,-38],[-70,-11],[7,-86],[27,-79],[-53,-84],[-7,-121],[62,-18],[-91,-86],[-35,-1],[-8,-89],[11,-65],[-34,-100],[-15,-140],[-70,-60],[-12,-121],[-45,-68],[-30,-169],[-59,-126],[-29,-135],[0,-97],[-55,-55],[-76,56],[-45,-3],[-23,-83],[26,-40],[66,-27],[4,-47],[44,-147],[-16,-105],[-37,-62],[-17,-107],[5,-84],[-43,-82],[23,-20],[7,-171],[-43,-54],[-6,-82],[-23,-86],[-28,-44],[14,-173],[20,-72],[-2,-70],[25,-115],[-35,-117],[8,-39],[-14,-105],[13,-83],[-18,-23],[48,-75],[-25,-116],[20,-34],[29,-120],[-7,-39],[28,-98],[-1,-133],[-60,-123],[-4,-68],[18,-58],[-19,-61],[13,-59],[-13,-161],[14,-108],[40,-76],[18,-78],[78,-51],[-5,-109],[14,-68],[62,-80],[22,-83],[6,-104],[39,-77],[45,3],[37,35],[46,153],[36,11],[37,-45],[83,-27],[155,11],[101,17],[-3,39],[83,-9],[47,-51],[63,21],[22,-20],[12,-88],[36,-5],[54,80],[29,-29],[57,16],[45,-40],[2,-58],[24,-72],[-6,-60],[14,-102],[-3,-72],[23,-193],[44,-151],[0,-60],[22,-104],[35,-83],[7,-77],[28,-78],[42,-174],[25,-33],[2,-73],[40,-136],[-14,-30],[46,-356],[43,-227],[62,-219],[47,-144],[21,-105],[28,-43],[35,-164],[24,-197],[2,-81],[-19,-199],[-37,-128],[-35,-158],[-44,-126],[-72,-141],[46,-39],[14,30],[102,116],[89,53],[125,30],[8,-90],[61,39],[115,15],[154,96],[75,64],[159,94],[82,62],[121,75],[89,44],[84,21],[54,-20],[48,17],[156,-84],[74,-2],[66,-85],[16,33],[74,-49],[-18,-30],[79,-52],[96,-102],[22,-42],[76,-48],[83,-112],[57,-3],[174,-111],[64,-6],[67,-49],[127,-18],[120,-96],[93,-43],[126,-23],[38,-32],[25,-72],[103,-111],[17,-80],[24,-44],[67,-55],[44,-16],[53,-111],[68,-84],[141,-128],[36,0],[117,-79],[13,-28],[30,-150],[73,-110],[43,-165],[43,-87],[7,-75],[60,-177],[46,-79],[-37,-90],[24,-94],[28,45],[63,12],[84,-63],[37,-53],[86,-69],[249,-45],[95,-93],[108,-95],[212,-141],[83,-122],[163,-72],[132,-46],[7,-35],[89,-100],[35,0],[73,-85],[48,-107],[103,-184],[50,-50],[30,-54],[89,-5],[24,-65],[30,4],[39,-75],[1,-44],[47,-40],[63,16],[37,-35],[91,-28],[15,-37],[241,6],[36,39],[103,44],[29,-21],[78,22],[37,-48],[35,-10],[108,84],[40,16],[115,-92],[30,-77],[36,28],[-26,62],[20,23],[59,-59],[43,-9],[65,-67],[66,9],[34,-41],[94,26],[60,-25],[134,61],[38,-14],[36,-119],[72,-69],[54,84],[11,41],[64,-43],[48,-52],[22,49],[29,-56],[-5,-38],[68,-24],[13,-61],[31,-25],[35,100],[48,-14],[8,-112],[-28,-48],[16,-121],[4,-103],[21,-54],[23,-151],[2,-80],[-13,-103],[-33,-90],[-36,-253],[-23,-267],[-59,-225],[-10,-104],[-5,-191],[15,-114],[62,-161],[56,-114],[54,-208],[9,-92],[47,-263],[-2,-142],[-41,-94],[-33,-250],[13,-150],[37,-154],[-3,-52],[39,-290],[-3,-67],[-54,-69],[-19,-61],[-25,-20],[-39,-216],[-2,-199],[15,-89],[-34,-37],[-11,-46],[72,-10],[35,-45],[57,-33],[60,-120],[20,-59],[45,-72],[24,-163],[47,-108],[78,-101],[26,-82],[69,-167],[57,-63],[34,-93],[-16,-107],[27,-112],[-31,-79],[46,-21],[13,-93],[60,-221],[28,-66],[47,-21],[86,-76],[28,-42],[38,8],[56,-26],[41,-43],[34,-99],[22,-95],[28,-66],[66,-38],[35,-56],[20,-66],[60,-72],[10,-62],[58,-129],[-1,-60],[44,-281],[23,-86],[28,-37],[15,-95],[-4,-146],[38,-96],[56,-51],[50,-26],[110,-29],[105,-114],[30,-78],[56,-78],[61,-15],[48,163],[29,70],[-1,62],[-38,72],[8,93],[34,30],[63,97],[33,89],[37,11],[-13,179],[37,29],[90,137],[14,62],[39,-10],[68,-61],[-22,-84],[8,-82],[41,-55],[73,16],[90,-152],[6,-135],[21,-166],[6,-133],[-9,-97],[16,-88],[51,-38],[4,44],[-46,78],[-5,68],[19,119],[26,94],[-24,74],[47,94],[59,149],[-48,32],[7,68],[-23,139],[-29,81],[-49,48],[-1,77],[-36,18],[-4,66],[-28,28],[5,57],[40,60],[27,-18],[66,66],[16,97],[-27,81],[9,81],[83,47],[35,60],[4,114],[35,30],[8,67],[45,36],[41,181],[-13,242],[32,45],[8,102],[-18,9],[10,108],[-24,52],[26,33],[-47,144],[-70,-8],[-75,76],[37,96],[-10,62],[-42,38],[23,111],[-33,83],[-38,6],[-18,44],[23,68],[53,3],[-17,85],[27,47]]],"transform":{"scale":[0.0012688323470584893,0.0004551583252110205],"translate":[-141.00197999961063,41.683388787539904]},"objects":{"CANADM0gbOpen":{"type":"GeometryCollection","geometries":[{"arcs":[[[0]],[[1]],[[2]],[[3]],[[4]],[[5]],[[6]],[[7]],[[8]],[[9]],[[10]],[[11]],[[12]],[[13]],[[14]],[[15]],[[16]],[[17]],[[18]],[[19]],[[20]],[[21]],[[22]],[[23]],[[24]],[[25]],[[26]],[[27]],[[28]],[[29]],[[30]],[[31]],[[32]],[[33]],[[34]],[[35]],[[36]],[[37]],[[38]],[[39]],[[40]],[[41]],[[42]],[[43]],[[44]],[[45]],[[46]],[[47]],[[48]],[[49]],[[50]],[[51]],[[52]],[[53]],[[54]],[[55]],[[56]],[[57]],[[58]],[[59]],[[60]],[[61]],[[62]],[[63]],[[64]],[[65]],[[66]],[[67]],[[68]],[[69]],[[70]],[[71]],[[72]],[[73]],[[74]],[[75]],[[76]],[[77]],[[78]],[[79]],[[80]],[[81]],[[82]],[[83]],[[84]],[[85]],[[86]],[[87]],[[88]],[[89]],[[90]],[[91]],[[92]],[[93]],[[94]],[[95]],[[96]],[[97]],[[98]],[[99]],[[100]],[[101]],[[102]],[[103]],[[104]],[[105]],[[106]],[[107]],[[108]],[[109]],[[110]],[[111]],[[112]],[[113]],[[114]],[[115]],[[116]],[[117]],[[118]],[[119]],[[120]],[[121]],[[122]],[[123]],[[124]],[[125]],[[126]],[[127]],[[128]],[[129]],[[130]],[[131]],[[132]],[[133]],[[134]],[[135]],[[136]],[[137]],[[138]],[[139]],[[140]],[[141]],[[142]],[[143]],[[144]],[[145]],[[146]],[[147]],[[148]],[[149]],[[150]],[[151]],[[152]],[[153]],[[154]],[[155]],[[156]],[[157]],[[158]],[[159]],[[160]],[[161]],[[162]],[[163]],[[164]],[[165]],[[166]],[[167]],[[168]],[[169]],[[170]],[[171]],[[172]],[[173]],[[174]],[[175]],[[176]],[[177]],[[178]],[[179]],[[180]],[[181]],[[182]],[[183]],[[184]],[[185]],[[186]],[[187]],[[188]],[[189]],[[190]],[[191]],[[192]],[[193]],[[194]],[[195]],[[196]],[[197]],[[198]],[[199]],[[200]],[[201]],[[202]],[[203]],[[204]],[[205]],[[206]],[[207]],[[208]],[[209]],[[210]],[[211]],[[212]],[[213]],[[214]],[[215]],[[216]],[[217]],[[218]],[[219]],[[220]],[[221]],[[222]],[[223]],[[224]],[[225]],[[226]],[[227]],[[228]],[[229]],[[230]],[[231]],[[232]],[[233]],[[234]],[[235]],[[236]],[[237]],[[238]],[[239]],[[240]],[[241]],[[242]],[[243]],[[244]],[[245]],[[246]],[[247]],[[248]],[[249]],[[250]],[[251]],[[252]],[[253]],[[254]],[[255]],[[256]],[[257]],[[258]],[[259]],[[260]],[[261]],[[262]],[[263]],[[264]],[[265]],[[266]],[[267]],[[268]],[[269]],[[270]],[[271]],[[272]],[[273]],[[274]],[[275]],[[276]],[[277]],[[278]],[[279]],[[280]],[[281]],[[282]],[[283]],[[284]],[[285]],[[286]],[[287]],[[288]],[[289]],[[290]],[[291]],[[292]],[[293]],[[294]],[[295]],[[296]],[[297]],[[298]],[[299]],[[300]],[[301]],[[302]],[[303]],[[304]],[[305]],[[306]],[[307]],[[308]],[[309]],[[310]],[[311]],[[312]],[[313]],[[314]],[[315]],[[316]],[[317]],[[318]],[[319]],[[320]],[[321]],[[322]],[[323]],[[324]],[[325]],[[326]],[[327]],[[328]],[[329]],[[330]],[[331]],[[332]],[[333]],[[334]],[[335]],[[336]],[[337]],[[338]],[[339]],[[340]],[[341]],[[342]],[[343]],[[344]],[[345]],[[346]],[[347]],[[348]],[[349]],[[350]],[[351]],[[352]],[[353]],[[354]],[[355]],[[356]],[[357]],[[358]],[[359]],[[360]],[[361]],[[362]],[[363]],[[364]],[[365]],[[366]],[[367]],[[368]],[[369]],[[370]],[[371]],[[372]],[[373]],[[374]],[[375]],[[376]],[[377]],[[378]],[[379]],[[380]],[[381]],[[382]],[[383]],[[384]],[[385]],[[386]],[[387]],[[388]],[[389]],[[390]],[[391]],[[392]],[[393]],[[394]],[[395]],[[396]],[[397]],[[398]],[[399]],[[400]],[[401]],[[402]],[[403]],[[404]],[[405]],[[406]],[[407]],[[408]],[[409]],[[410]],[[411]],[[412]],[[413]],[[414]],[[415]],[[416]],[[417]],[[418]],[[419]],[[420]],[[421]],[[422]],[[423]],[[424]],[[425]],[[426]],[[427]],[[428]],[[429]],[[430]],[[431]],[[432]],[[433]],[[434]],[[435]],[[436]],[[437]],[[438]],[[439]],[[440]],[[441]],[[442]],[[443]],[[444]],[[445]],[[446]],[[447]],[[448]],[[449]],[[450]],[[451]],[[452]],[[453]],[[454]],[[455]],[[456]],[[457]],[[458]],[[459]],[[460]],[[461]],[[462]],[[463]],[[464]],[[465]],[[466]],[[467]],[[468]],[[469]],[[470]],[[471]],[[472]],[[473]],[[474]],[[475]],[[476]],[[477]],[[478]],[[479]],[[480]],[[481]],[[482]],[[483]],[[484]],[[485]],[[486]],[[487]],[[488]],[[489]],[[490]],[[491]],[[492]],[[493]],[[494]],[[495]],[[496]],[[497]],[[498]],[[499]],[[500]],[[501]],[[502]],[[503]],[[504]],[[505]],[[506]],[[507]],[[508]],[[509]],[[510]],[[511]],[[512]],[[513]],[[514]],[[515]],[[516]],[[517]],[[518]],[[519]],[[520]],[[521]],[[522]],[[523]],[[524]],[[525]],[[526]],[[527]],[[528]],[[529]],[[530]],[[531]],[[532]],[[533]],[[534]],[[535]],[[536]],[[537]],[[538]],[[539]],[[540]],[[541]],[[542]],[[543]],[[544]],[[545]],[[546]],[[547]],[[548]],[[549]],[[550]],[[551]],[[552]],[[553]],[[554]],[[555]],[[556]],[[557]],[[558]],[[559]],[[560]],[[561]],[[562]],[[563]],[[564]],[[565]],[[566]],[[567]],[[568]],[[569]],[[570]],[[571]],[[572]],[[573]],[[574]],[[575]],[[576]],[[577]],[[578]],[[579]],[[580]],[[581]],[[582]],[[583]],[[584]],[[585]],[[586]],[[587]],[[588]],[[589]],[[590]],[[591]],[[592]],[[593]],[[594]],[[595]],[[596]],[[597]],[[598]],[[599]],[[600]],[[601]],[[602]],[[603]],[[604]],[[605]],[[606]],[[607]],[[608]],[[609]],[[610]],[[611]],[[612]],[[613]],[[614]],[[615]],[[616]],[[617]],[[618]],[[619]],[[620]],[[621]],[[622]],[[623]],[[624]],[[625]],[[626]],[[627]],[[628]],[[629]],[[630]],[[631]],[[632]]],"type":"MultiPolygon","properties":{"shapeName":"Canada","shapeISO":"CAN","shapeID":"50000805B18704692826824","shapeGroup":"CAN","shapeType":"ADM0"}}]}}}